Main_Studio;Episodes;Rating Score;Rating Score Rank;Popularity Rank;Members;Favorites;Reviewers
MAPPA;24;8.561;110;13;2755845;93161;1.80978E+13
C-Station;13;8.501;145;1091;238832;3105;1.05254E+11
White Fox;12;8.431;180;183;969121;13012;5.68781E+11
Studio Bind;11;8.361;227;95;1438841;36751;8.87681E+11
8bit;12;8.361;231;161;1033610;10879;5.98596E+11
SILVER LINK.;12;8.361;228;1819;131268;959;5058450584
CloverWorks;13;8.191;405;88;1489885;37572;9.02229E+11
TMS Entertainment;11;8.151;462;144;1105489;7420;6.30897E+11
Studio Kai;13;8.061;590;3064;58147;904;2534725347
Toei Animation;12;8.051;593;1546;162666;812;6277162771
Bibury Animation Studios;12;8.021;643;279;758384;11628;4.60373E+11
Bones;12;8.001;671;392;590843;13450;3.00114E+11
Bones;12;7.981;685;1882;125754;1164;5356453564
Orange;12;7.771;1101;513;467473;2275;2.44583E+11
Toei Animation;100;7.731;1218;2613;76566;644;2596225962
CloverWorks;12;7.561;1725;263;790421;9204;3.55311E+11
LIDENFILMS;13;7.521;1889;1111;234437;457;8291882918
Millepensee;24;7.451;2154;502;473394;4597;2.50373E+11
Lerche;12;7.411;2311;2759;70276;570;1980219802
Pierrot;25;7.401;2355;4751;24097;111;84058405
Toei Animation;46;7.391;2398;5864;14126;147;45434543
Ajia-do;12;7.371;2477;628;397140;2303;1.77392E+11
David Production;8;7.371;2498;906;284701;601;1.02613E+11
Team TillDawn;24;7.231;3196;5593;15984;44;82148214
Tatsunoko Production;51;7.231;3212;10519;3008;11;972972
Passione;24;7.201;3362;900;288572;1602;9630096300
Asahi Production;12;7.161;3599;2500;82790;308;3394333943
Platinum Vision;12;7.151;3619;2449;85346;335;3393433934
Kinema Citrus;12;7.141;3691;6031;13170;50;37713771
Project No.9;12;7.111;3867;594;414872;2010;2.07832E+11
Studio Deen;12;7.071;4046;1019;256187;647;8929889298
J.C.Staff;12;7.031;4253;5166;19674;68;47014701
Studio CANDY BOX;12;7.011;4348;3185;53717;254;2107321073
W-Toon Studio;26;6.981;4474;7611;7389;27;30183018
Toei Animation;45;6.921;4739;6047;13036;84;41924192
Sunrise;24;6.701;5928;1861;127860;653;3843838438
Production I.G;12;6.681;6048;8257;6061;12;19201920
LIDENFILMS;12;6.651;6215;1865;127724;567;4205242052
Studio Deen;24;6.571;6673;533;451468;1582;2.1588E+11
Lay-duce;12;6.561;6725;5399;17562;119;53385338
Bandai Namco Pictures;24;6.551;6783;9406;4256;27;12641264
Acca effe;12;6.491;7129;6099;12757;17;33753375
J.C.Staff;12;6.451;7394;3586;43494;157;1346913469
Saetta;12;6.381;7838;5703;15247;16;57885788
LIDENFILMS;12;6.331;8094;869;302743;875;1.50006E+11
Studio VOLN;24;6.331;8074;3597;43269;103;1430414304
Pie in the sky;25;6.301;8271;13185;1333;2;153153
Okuruto Noboru;12;6.281;8408;598;413430;1795;2.12244E+11
Bridge;92;6.201;8864;5260;18794;88;49084908
Studio Deen;11;6.191;8887;4201;31427;90;87978797
David Production;12;6.141;9164;2005;115822;359;4693446934
OLM;26;6.041;9718;2654;74811;163;2138321383
GoHands;13;5.921;10346;3960;35651;145;86828682
OLM;51;5.911;10405;12523;1628;2;272272
Asahi Production;12;5.861;10614;3290;50792;204;1520915209
LIDENFILMS;12;5.841;10742;2676;73795;164;2270522705
LIDENFILMS Osaka Studio;48;5.841;10723;9188;4582;3;937937
ILCA;13;5.821;10835;5523;16531;22;66956695
Studio A-CAT;12;5.781;11042;5525;16519;37;47584758
Zexcs;48;5.751;11160;5451;17118;36;51855185
TMS Entertainment;52;5.711;11335;9227;4525;6;17101710
Kachidoki Studio;50;5.711;11323;12330;1729;6;227227
OLM;50;5.611;11746;11138;2497;5;438438
J.C.Staff;12;5.601;11812;6410;11296;20;33933393
Hoods Entertainment;12;5.501;12119;5547;16348;26;53685368
Fanworks;12;5.451;12259;10310;3187;4;15491549
CloverWorks;11;5.261;12771;185;959416;4503;4.9829E+11
Shin-Ei Animation;10;5.071;13123;8646;5448;12;23542354
None found;5;4.941;13270;14942;822;4;175175
Visual Flight;12;2.881;13829;2478;83835;310;4441944419
TMS Entertainment;13;8.961;15;460;514864;20749;2.55908E+11
Pierrot;26;8.831;30;2033;113997;2347;4576645766
OLM;13;8.651;78;515;466997;8716;2.30957E+11
Wit Studio;13;8.391;205;412;570600;11140;2.56981E+11
Brain's Base;20;8.341;244;199;922273;15100;3.9032E+11
A-1 Pictures;11;8.321;258;224;860299;23174;4.46396E+11
Production I.G;13;8.281;302;954;270556;3217;1.25968E+11
TMS Entertainment;13;8.181;417;1231;209567;2190;8709587095
Bandai Namco Pictures;21;8.031;621;735;345236;2431;1.71851E+11
MAPPA;12;7.991;676;1148;226562;1598;9127691276
LIDENFILMS;24;7.871;877;105;1323564;25254;7.31285E+11
CloverWorks;13;7.801;1036;986;264266;2196;1.06469E+11
Toei Animation;100;7.731;1218;2613;76566;644;2596225962
8bit;12;7.591;1617;699;360897;2111;1.6192E+11
Shin-Ei Animation;12;7.531;1863;1605;155022;797;6240362403
Zexcs;12;7.491;1992;2077;110530;924;4052640526
Studio Kai;12;7.451;2142;1916;122909;1043;4986549865
Millepensee;24;7.451;2154;502;473394;4597;2.50373E+11
Trigger;12;7.431;2241;1732;139737;901;4589545895
Toei Animation;46;7.391;2398;5864;14126;147;45434543
Bones;25;7.361;2543;115;1259149;10226;6.47706E+11
Diomedéa;12;7.311;2794;1163;224092;1292;1.05419E+11
Project No.9;13;7.271;3017;357;641172;6287;3.43249E+11
J.C.Staff;25;7.261;3029;953;270775;1961;1.01148E+11
Tatsunoko Production;51;7.231;3212;10519;3008;11;972972
Telecom Animation Film;12;7.221;3274;238;840873;8953;4.55946E+11
J.C.Staff;12;7.141;3688;623;398127;2050;1.86661E+11
Nomad;12;7.121;3800;1038;248876;1709;1.14254E+11
Shaft;12;7.081;3987;2128;105775;599;3344633446
J.C.Staff;12;7.031;4253;5166;19674;68;47014701
TMS Entertainment;12;7.011;4362;2133;105623;749;4201842018
W-Toon Studio;26;6.981;4474;7611;7389;27;30183018
Revoroot;12;6.911;4765;603;411542;2225;1.98342E+11
Bridge;52;6.901;4827;946;271882;1735;7711877118
Tezuka Productions;10;6.691;5958;559;439633;2750;1.98414E+11
Bones;13;6.651;6195;2738;71439;389;3062730627
Signal.MD;13;6.581;6592;1832;129490;597;3730337303
Studio Deen;24;6.571;6673;533;451468;1582;2.1588E+11
Bandai Namco Pictures;24;6.551;6783;9406;4256;27;12641264
Nippon Animation;12;6.541;6840;3355;48798;135;1604716047
ENGI;12;6.471;7255;988;263716;1146;1.21291E+11
Signal.MD;12;6.421;7572;2846;66488;208;2404924049
Studio VOLN;24;6.331;8074;3597;43269;103;1430414304
LIDENFILMS;12;6.301;8273;2993;60795;184;2384023840
Pie in the sky;25;6.301;8271;13185;1333;2;153153
Bridge;92;6.201;8864;5260;18794;88;49084908
Shin-Ei Animation;12;6.151;9116;2657;74656;329;2322823228
Bakken Record;12;6.111;9310;2234;98823;382;3043330433
LIDENFILMS;13;6.101;9371;3556;44257;134;1602616026
Doga Kobo;12;6.071;9574;922;279689;1658;1.23521E+11
W-Toon Studio;12;6.041;9715;7557;7524;22;16001600
Fanworks;26;5.971;10049;11633;2166;16;323323
Kinema Citrus;12;5.971;10046;5482;16842;68;56025602
Bandai Namco Pictures;11;5.951;10191;5002;21343;86;80318031
Studio Comet;12;5.911;10383;4575;26451;166;61316131
OLM;51;5.891;10490;12206;1805;10;263263
J.C.Staff;24;5.861;10643;4198;31502;106;71507150
LIDENFILMS Osaka Studio;48;5.841;10723;9188;4582;3;937937
Kachidoki Studio;50;5.711;11323;12330;1729;6;227227
NAZ;12;5.281;12732;7161;8656;44;40974097
Seven;12;5.111;13076;7115;8831;13;27932793
Pierrot;26;8.831;30;2033;113997;2347;4576645766
Brain's Base;20;8.341;244;199;922273;15100;3.9032E+11
8bit;12;8.311;269;240;835843;10975;4.82445E+11
Kyoto Animation;12;8.231;359;399;582231;5788;2.91186E+11
TROYCA;13;8.231;365;4708;24625;391;83508350
Bandai Namco Pictures;21;8.031;621;735;345236;2431;1.71851E+11
Sunrise;12;7.921;789;2673;73961;1123;2865928659
Bones;12;7.901;817;404;576940;7877;2.34788E+11
LIDENFILMS;24;7.871;877;105;1323564;25255;7.31285E+11
Madhouse;12;7.821;1000;755;339214;7654;1.21516E+11
Toei Animation;100;7.731;1218;2613;76566;644;2596225962
PINE JAM;13;7.721;1237;2396;88045;511;2803028030
C2C;12;7.711;1269;477;500510;4451;2.66166E+11
Studio Blanc.;13;7.701;1307;1030;251243;2536;9728897288
MAPPA;11;7.611;1553;1278;199939;1630;8040080400
J.C.Staff;12;7.591;1616;982;264981;1738;1.0177E+11
P.A. Works;24;7.511;1903;1435;175827;1409;5331953319
feel.;12;7.391;2421;697;361603;2456;1.67473E+11
Toei Animation;46;7.391;2398;5864;14126;147;45434543
Bones;25;7.361;2543;115;1259149;10226;6.47706E+11
SILVER LINK.;12;7.261;3070;1018;256322;1078;1.11912E+11
J.C.Staff;25;7.261;3029;953;270775;1961;1.01148E+11
J.C.Staff;13;7.251;3104;576;424570;2685;2.17128E+11
SILVER LINK.;12;7.221;3239;1082;239767;863;1.07437E+11
MAPPA;12;7.191;3411;1709;142296;873;5376153761
TMS Entertainment;12;7.071;4079;588;417026;3393;2.13498E+11
J.C.Staff;12;7.031;4253;5166;19674;68;47014701
SILVER LINK.;20;7.011;4325;1006;258555;1443;8955889558
Shaft;8;7.001;4392;2785;69348;448;2136221362
Fanworks;12;6.941;4637;5151;19772;172;83778377
Bridge;52;6.901;4827;946;271882;1735;7711877118
Maho Film;12;6.791;5398;1431;176078;636;8253682536
None found;16;6.761;5557;11620;2176;18;218218
SynergySP;12;6.751;5597;1171;222346;934;1.05227E+11
Passione;15;6.731;5752;1958;118917;787;4876448764
Connect;13;6.681;6010;1731;139797;734;4463544635
Tezuka Productions;12;6.521;6940;625;397835;2517;1.93932E+11
asread.;10;6.501;7053;1217;211747;1285;8458784587
Shirogumi;12;6.501;7057;3453;46512;313;1047910479
EMT Squared;12;6.451;7371;1600;155721;623;6030760307
ENGI;12;6.411;7668;643;390257;3194;1.48784E+11
PRA;13;6.401;7682;7390;7965;49;13381338
Pie in the sky;25;6.301;8271;13185;1333;2;153153
Asahi Production;12;6.241;8641;1330;192019;681;7298672986
Bridge;92;6.201;8864;5260;18794;88;49084908
Bee Media;13;6.191;8906;8090;6380;26;23722372
Fanworks;26;5.971;10049;11633;2166;16;323323
ILCA;13;5.911;10410;6012;13302;40;52665266
OLM;51;5.891;10490;12206;1805;10;263263
J.C.Staff;24;5.861;10643;4198;31502;106;71507150
SANZIGEN;13;5.811;10897;4637;25511;107;66856685
Sunrise;26;5.711;11301;2199;101733;501;2763427634
Kachidoki Studio;50;5.711;11323;12330;1729;6;227227
A-1 Pictures;12;8.711;58;423;561012;16574;3.21749E+11
Studio Bind;12;8.641;80;165;1016877;18964;6.36951E+11
Wit Studio;23;8.501;143;314;696160;13233;3.66943E+11
ufotable;7;8.351;237;228;854437;4457;5.14158E+11
Toei Animation;14;8.251;335;1849;128481;1216;4961749617
OLM;12;7.831;972;191;945170;12198;5.00669E+11
Seven Arcs;12;7.801;1026;482;495562;6421;2.27962E+11
SynergySP;12;7.791;1074;1575;158833;1205;6699966999
Toei Animation;100;7.731;1218;2613;76566;644;2596225962
OLM;12;7.691;1332;2126;106049;444;4584845848
Doga Kobo;12;7.551;1780;718;355066;1731;1.64682E+11
P.A. Works;24;7.511;1903;1435;175827;1409;5331953319
Passione;12;7.391;2410;449;525596;3379;2.40094E+11
Toei Animation;46;7.391;2398;5864;14126;147;45434543
SILVER LINK.;12;7.331;2656;396;586008;4327;3.20283E+11
Arvo Animation;12;7.321;2740;1548;162519;776;5651456514
Studio Gokumi;12;7.301;2825;4597;26154;154;75127512
Madhouse;12;7.271;2979;2267;96971;604;3542935429
Doga Kobo;13;7.261;3041;3432;46866;385;1671316713
TMS Entertainment;24;7.201;3380;4767;23963;144;63576357
Madhouse;12;7.151;3608;436;541297;4780;2.24744E+11
LIDENFILMS Kyoto Studio;12;7.121;3795;4234;30935;133;93029302
Sunrise;24;7.071;4072;3442;46606;323;1465614656
Production I.G;12;7.071;4042;1218;211759;1251;7125971259
Tatsunoko Production;51;7.031;4239;8331;5939;57;12421242
J.C.Staff;12;7.031;4253;5166;19674;68;47014701
SILVER LINK.;20;7.011;4325;1006;258555;1443;8955889558
Studio Flad;13;6.931;4677;704;359952;2081;1.74143E+11
Bridge;52;6.901;4827;946;271882;1735;7711877118
Children's Playground Entertainment;12;6.871;5004;781;330263;1456;1.50859E+11
Nippon Animation;12;6.831;5207;5149;19814;46;77317731
Zero-G;12;6.751;5610;3284;50888;356;1655816558
Toei Animation;67;6.741;5669;4694;24776;165;72627262
A-1 Pictures;12;6.721;5786;3617;42845;501;1011910119
Kinema Citrus;13;6.701;5917;7293;8287;45;26682668
Satelight;12;6.511;7044;2148;104922;274;3338833388
PRA;13;6.401;7682;7390;7965;49;13381338
LIDENFILMS;12;6.391;7725;3024;59470;317;1588315883
Sunrise Beyond;13;6.321;8136;4000;34905;134;1122411224
Cyclone Graphics;10;6.321;8132;10238;3262;40;211211
Lerche;12;6.301;8268;4881;22557;52;71947194
Sola Digital Arts;13;6.291;8342;4547;26863;98;52225222
OLM;13;6.291;8324;5495;16755;63;31363136
C2C;12;6.241;8644;4418;28433;96;92729272
Bridge;92;6.201;8864;5260;18794;88;49084908
Hotline;12;6.171;9012;1160;224495;1003;1.08735E+11
LIDENFILMS;12;6.171;8994;4028;34593;154;1097910979
Signal.MD;24;6.031;9800;615;402105;2557;1.41517E+11
AQUA ARIS;12;6.011;9858;15915;634;2;134134
Ascension;13;5.961;10133;14319;979;2;178178
OLM;51;5.891;10490;12206;1805;10;263263
Yumeta Company;12;5.841;10717;3544;44532;183;1349713497
Sublimation;12;5.841;10744;5360;17848;50;34033403
Tatsunoko Production;12;5.841;10716;7846;6871;22;26772677
Sunrise;26;5.711;11301;2199;101733;501;2763427634
Kachidoki Studio;50;5.711;11323;12330;1729;6;227227
SILVER LINK.;12;5.601;11794;3478;45861;243;1283112831
Imagineer;12;5.601;11777;13340;1275;7;144144
EKACHI EPILKA;12;5.311;12641;3826;38607;211;1191911919
Gambit;13;4.671;13530;4655;25226;91;67006700
ufotable;11;8.721;54;77;1566872;24847;9.98409E+11
A-1 Pictures;12;8.711;58;423;561012;16575;3.21749E+11
Wit Studio;23;8.501;143;314;696160;13234;3.66943E+11
Shin-Ei Animation;12;8.381;209;1286;198524;2345;8952189521
Studio Deen;12;8.201;384;1211;213437;5278;9506395063
Bones;12;8.191;407;860;304277;2795;1.35783E+11
CloverWorks;12;8.161;450;135;1158626;21390;7.02667E+11
Science SARU;11;7.791;1071;2440;85979;816;2727327273
CygamesPictures;12;7.751;1163;1790;134461;837;4937049370
Toei Animation;100;7.731;1218;2613;76566;644;2596325963
CloverWorks;12;7.651;1408;1283;198900;1177;7431574315
J.C.Staff;13;7.431;2235;935;274783;1414;1.41691E+11
Yokohama Animation Laboratory;12;7.391;2396;850;307179;1655;1.43011E+11
LIDENFILMS;12;7.351;2609;2506;82154;537;3028630286
Connect;12;7.251;3116;2837;66772;294;2442924429
TMS Entertainment;24;7.201;3380;4767;23963;144;63576357
Madhouse;13;7.171;3514;3130;55517;166;2351623516
asread.;12;7.151;3641;575;424659;4301;1.81011E+11
OZ;12;7.141;3727;985;264261;1433;1.0682E+11
OLM;12;7.131;3763;1338;190993;826;8685886858
Sunrise;24;7.071;4072;3442;46606;323;1465614656
Tatsunoko Production;51;7.031;4239;8331;5939;57;12421242
Maho Film;12;6.951;4587;1437;175179;936;8628286282
Platinum Vision;12;6.901;4844;1392;182456;991;6652366523
Bridge;52;6.901;4827;946;271882;1735;7711877118
Toei Animation;45;6.861;5031;6465;11064;121;34183418
Yumeta Company;24;6.781;5425;4539;26904;148;78767876
Toei Animation;67;6.741;5670;4694;24779;165;72627262
Quad;12;6.701;5888;2981;61385;177;2002220022
LIDENFILMS;13;6.661;6159;5918;13845;74;30123012
Telecom Animation Film;13;6.641;6225;4797;23508;153;74607460
A.C.G.T.;12;6.611;6443;1929;121289;519;4293342933
J.C.Staff;24;6.381;7803;2936;62826;396;1353613536
CloverWorks;12;6.341;8016;2747;70825;208;2200922009
Studio A-CAT;12;6.331;8110;1788;134492;645;5476954769
Sola Digital Arts;13;6.291;8342;4547;26863;98;52225222
J.C.Staff;12;6.231;8690;942;273612;1203;1.31208E+11
Bridge;92;6.201;8864;5260;18794;88;49084908
ILCA;13;6.181;8947;6488;10974;35;42474247
LIDENFILMS;12;6.061;9628;3374;48127;228;1334813348
Signal.MD;24;6.031;9800;615;402105;2557;1.41517E+11
OLM;50;5.941;10220;12725;1521;11;178178
OLM;51;5.891;10490;12205;1805;10;263263
Asahi Production;12;5.861;10646;3164;54369;291;1538215382
Space Neko Company;12;5.841;10718;11074;2555;11;232232
Akatsuki;8;5.731;11234;6454;11111;46;32863286
Lapin Track;24;5.721;11280;7051;8998;31;37383738
Kachidoki Studio;50;5.711;11323;12330;1729;6;227227
Diomedéa;12;5.461;12225;4061;33995;230;1102611026
Geek Toys;12;5.311;12650;4896;22373;102;47224722
Kigumi;12;3.821;13773;7831;6905;22;20082008
A-1 Pictures;13;8.991;13;168;1008204;32125;5.71839E+11
Pierrot;26;8.731;49;2690;73407;1109;3212732127
Wit Studio;12;8.471;153;61;1706259;40064;1.04744E+13
OLM;25;8.471;154;389;596940;10140;2.51268E+11
Production I.G;24;8.161;446;1123;232059;3246;1.17167E+11
P.A. Works;12;8.121;492;823;313648;2611;1.51816E+11
Ajia-do;10;8.071;566;1451;173724;971;8404684046
OLM;12;8.011;657;456;517991;3941;2.58331E+11
J.C.Staff;12;7.851;923;2709;72661;341;2642926429
MAPPA;11;7.821;988;2387;88754;638;3551635516
Geek Toys;12;7.751;1169;948;271439;3431;9650996509
Toei Animation;100;7.731;1218;2613;76566;644;2596325963
Okuruto Noboru;12;7.721;1231;554;440676;4270;2.28441E+11
Sunrise;13;7.661;1388;3684;41460;444;1656316563
Encourage Films;12;7.551;1770;2173;102961;461;4510045100
Bandai Namco Pictures;13;7.481;2044;2781;69397;428;2658526585
Project No.9;12;7.391;2405;1015;256821;1056;1.08323E+11
LIDENFILMS Kyoto Studio;12;7.351;2596;5852;14233;58;58845884
ENGI;12;7.321;2760;740;343246;2241;1.78288E+11
Studio 3Hz;12;7.311;2791;3989;35135;174;1190711907
Zero-G;12;7.301;2841;1561;160844;528;5482654826
Felix Film;12;7.281;2921;706;359552;2292;1.54216E+11
Lay-duce;12;7.271;3014;2725;72268;422;2637526375
Studio Kai;12;7.151;3654;752;340258;1778;1.71429E+11
Project No.9;12;7.101;3922;3750;40168;149;1357713577
CloverWorks;13;7.101;3891;2915;63535;274;2416024160
Tatsunoko Production;51;7.031;4239;8331;5939;57;12421242
EMT Squared;12;7.011;4377;784;328507;1728;1.53018E+11
TMS Entertainment;6;6.961;4573;5677;15346;62;64486448
Doga Kobo;12;6.931;4696;406;574771;5072;2.46644E+11
SynergySP;24;6.871;4988;868;302936;2268;1.16028E+11
Toei Animation;45;6.861;5031;6465;11064;121;34183418
Yumeta Company;24;6.781;5425;4539;26904;148;78767876
J.C.Staff;12;6.761;5528;1436;175400;737;6030060300
Zexcs;50;6.741;5681;7853;6857;36;15791579
Toei Animation;67;6.741;5670;4694;24779;165;72627262
Doga Kobo;12;6.701;5912;3317;50051;123;1680916809
LIDENFILMS;12;6.641;6268;4964;21706;79;57215721
Telecom Animation Film;13;6.641;6225;4797;23509;153;74607460
Sunrise;9;6.601;6499;11258;2424;13;282282
Sunrise Beyond;12;6.541;6845;5736;15021;75;53665366
Nippon Animation;24;6.531;6873;3662;41856;268;1268312683
Kinema Citrus;13;6.521;6925;253;809874;12305;2.95132E+11
Polygon Pictures;12;6.471;7280;6146;12550;44;35983598
Wit Studio;60;6.471;7264;5613;15824;38;45214521
Tezuka Productions;12;6.391;7759;1467;171659;758;5804258042
J.C.Staff;24;6.381;7803;2936;62826;396;1353613536
Jumondo;12;6.341;8024;2883;64997;170;2326623266
Saetta;10;6.301;8285;6784;9905;19;35553555
SILVER LINK.;12;6.291;8369;836;311235;1519;1.44784E+11
Lay-duce;13;6.151;9108;4604;25994;130;72777277
Scooter Films;11;6.091;9462;7101;8866;17;39203920
None found;26;6.001;9935;9410;4256;31;213213
Bibury Animation Studios;12;5.951;10187;3552;44366;349;93939393
Arms;3;5.831;10759;4384;28860;133;60346034
Lapin Track;24;5.721;11280;7051;8998;31;37383738
Studio Kingyoiro;10;5.551;11967;14377;958;4;233233
Pierrot;26;8.731;49;2690;73407;1109;3212732127
Kinema Citrus;12;8.611;93;489;487733;6505;2.28165E+11
OLM;25;8.471;154;389;596940;10140;2.51268E+11
Production I.G;24;8.161;446;1123;232059;3246;1.17167E+11
A-1 Pictures;13;8.151;457;437;540013;9077;2.62355E+11
Lerche;13;8.081;547;300;713259;8365;4.07758E+11
Madhouse;13;8.071;574;400;580256;7313;2.90845E+11
CloverWorks;12;8.011;650;1831;129504;703;5371553715
LIDENFILMS;13;7.951;737;343;656878;8763;2.89627E+11
Atelier Pontdarc;13;7.771;1106;646;389320;2168;1.7823E+11
feel.;12;7.751;1155;1072;241733;1162;1.00683E+11
J.C.Staff;11;7.741;1179;672;374080;2119;1.59844E+11
Toei Animation;100;7.731;1218;2612;76566;644;2596325963
Sunrise;12;7.671;1360;3941;35987;313;1579415794
White Fox;28;7.521;1897;3755;40004;189;80988098
Studio Kai;12;7.491;2008;4479;27668;124;80028002
Nomad;12;7.421;2259;3593;43308;148;1444314443
Studio Kai;12;7.321;2726;2711;72640;459;1949019490
Diomedéa;12;7.271;3020;1059;244297;928;1.22871E+11
Studio PuYUKAI;30;7.181;3456;5717;15146;107;46754675
Bibury Animation Studios;12;7.071;4052;3931;36264;194;1037210372
Satelight;12;7.041;4177;987;263723;1128;1.31916E+11
A.C.G.T.;12;7.041;4189;3004;60057;264;2191121911
Tatsunoko Production;51;7.031;4239;8331;5939;57;12421242
SILVER LINK.;12;7.021;4303;1446;174341;676;5529355293
Shin-Ei Animation;12;6.911;4798;9492;4142;24;13091309
SynergySP;24;6.871;4988;868;302936;2268;1.16028E+11
Kinema Citrus;13;6.861;5028;7711;7178;40;21202120
Toei Animation;45;6.861;5031;6465;11064;121;34183418
Staple Entertainment;12;6.801;5320;844;308375;2088;1.25189E+11
A-1 Pictures;13;6.791;5409;1021;255029;1245;9761097610
TMS Entertainment;12;6.781;5452;546;445201;4883;1.78728E+11
M.S.C;13;6.771;5515;5483;16834;128;54005400
Studio Gokumi;10;6.751;5627;4607;25936;53;88308830
Toei Animation;67;6.741;5669;4694;24779;165;72627262
Zexcs;50;6.741;5680;7853;6857;36;15791579
Project No.9;12;6.731;5722;825;313333;1577;1.44578E+11
Shaft;12;6.681;6020;4660;25193;70;57695769
Studio 3Hz;12;6.651;6198;476;501249;4750;1.61654E+11
Drive;12;6.611;6425;5073;20631;41;66076607
Yumeta Company;12;6.611;6426;3459;46419;343;1147411474
SILVER LINK.;11;6.571;6683;1768;136228;519;4328943289
Nippon Animation;24;6.531;6872;3662;41856;268;1268312683
Seven Arcs;12;6.531;6900;6061;12961;33;46564656
Shaft;12;6.341;8040;2035;113879;665;3645836458
Revoroot;12;6.331;8095;1131;230054;1406;9347793477
Studio Sota;12;6.161;9057;14395;957;2;190190
Gaina;12;6.131;9249;8635;5462;13;23392339
Science SARU;12;6.031;9789;5123;20119;43;69346934
Geno Studio;12;5.991;9966;3855;37864;144;1067110671
LIDENFILMS;12;5.801;10936;4267;30446;49;85388538
Lapin Track;24;5.721;11280;7051;8998;31;37383738
NAZ;24;5.631;11688;2973;61577;172;1723317233
None found;10;5.511;12067;8696;5372;51;269269
Magic Bus;13;5.281;12725;5410;17490;77;56885688
A-Real;12;4.661;13536;6561;10663;14;19771977
ILCA;13;4.641;13550;7277;8337;68;492492
CloverWorks;12;8.761;42;336;668923;32085;4.03108E+11
Bones;12;8.711;57;277;760243;11403;3.8068E+11
MAPPA;12;8.461;158;62;1693354;49930;9.56206E+11
TROYCA;17;8.341;245;5615;15810;262;52145214
Nexus;20;8.261;325;287;749738;16637;4.00533E+11
Bones;25;8.241;346;293;722368;7277;3.57725E+11
Wit Studio;13;8.231;355;166;1016797;7530;5.42905E+11
8bit;24;8.201;396;265;785553;13619;4.23829E+11
Brain's Base;13;8.121;495;2117;106764;618;3923539235
Drive;20;8.091;537;875;301816;1632;1.13327E+11
Studio 4°C;13;7.901;826;3413;47300;360;2040320403
Pierrot;24;7.861;897;2192;102329;1089;3056330563
Sunrise;12;7.851;921;1486;170210;1711;8497884978
Bandai Namco Pictures;21;7.821;981;1213;213315;1299;9212192121
Atelier Pontdarc;13;7.771;1106;646;389320;2168;1.7823E+11
8bit;12;7.641;1461;4550;26816;112;74727472
studio MOTHER;12;7.591;1608;705;359574;4085;1.91665E+11
P.A. Works;12;7.581;1644;1442;174638;1146;7126971269
Bandai Namco Pictures;13;7.541;1803;2121;106641;727;3848538485
Kamikaze Douga;11;7.521;1877;3417;47251;148;1676616766
White Fox;28;7.521;1897;3755;40004;189;80988098
C2C;12;7.511;1905;855;305790;1788;1.49814E+11
PINE JAM;12;7.451;2172;2010;115535;631;4375643756
TMS Entertainment;25;7.411;2331;4466;27815;148;95309530
David Production;23;7.411;2328;1333;191595;1235;5155751557
ENGI;13;7.251;3122;1107;234798;928;8890988909
Maho Film;12;7.211;3321;1314;194839;1092;9347493474
Studio PuYUKAI;30;7.181;3456;5717;15146;107;46754675
Studio Flad;11;7.141;3668;3761;39835;131;1546915469
Yostar Pictures;8;7.081;3982;2034;113890;1081;3942939429
EMT Squared;13;6.921;4758;1185;218650;1082;1.07316E+11
Madhouse;12;6.871;4999;2544;80359;475;2861928619
TMS Entertainment;12;6.871;4996;5842;14301;41;62066206
Toei Animation;45;6.861;5031;6465;11064;121;34183418
Toei Animation;67;6.741;5669;4694;24779;165;72627262
Zexcs;50;6.741;5680;7853;6857;36;15791579
LIDENFILMS;13;6.731;5710;4565;26612;58;77337733
Passione;12;6.701;5911;1544;162665;821;6190661906
DLE;12;6.701;5931;6728;10104;25;38623862
ENGI;12;6.621;6405;2635;75567;225;3072530725
TNK;12;6.551;6801;1944;119885;511;4341743417
LIDENFILMS;24;6.551;6798;5804;14592;71;23692369
OLM;15;6.551;6765;9038;4795;16;13681368
Yumeta Company;12;6.521;6952;5210;19311;65;61196119
ENGI;8;6.261;8492;3183;53781;224;59635963
LIDENFILMS;16;6.091;9482;8580;5555;18;13341334
TROYCA;12;6.061;9615;1406;179556;710;6347963479
Studio A-CAT;12;5.961;10097;1619;153165;472;5961259612
NAZ;24;5.631;11688;2973;61577;172;1723317233
Graphinica;12;5.471;12191;4991;21462;70;58325832
PRA;13;5.441;12281;7704;7194;31;12431243
Akatsuki;4;5.421;12356;4104;33355;164;1121211212
EKACHI EPILKA;12;5.011;13193;4890;22458;71;72077207
MAPPA;24;8.811;32;298;715626;17161;3.88818E+11
Bones;13;8.431;176;798;322579;3345;1.28423E+11
TROYCA;17;8.341;245;5615;15810;262;52145214
Nexus;20;8.261;325;287;749894;16638;4.00533E+11
J.C.Staff;11;8.251;329;1009;257455;1751;1.34792E+11
Bones;25;8.241;346;293;722368;7278;3.57725E+11
8bit;24;8.201;396;265;785553;13619;4.23829E+11
Brain's Base;13;8.121;495;2117;106764;618;3923539235
P.A. Works;12;8.111;514;832;311852;3315;1.39708E+11
Kyoto Animation;13;8.091;542;2966;61826;455;1872218722
Drive;20;8.091;537;875;301816;1632;1.13327E+11
Pierrot;24;7.861;897;2192;102329;1089;3056330563
Project No.9;12;7.831;977;688;364620;6033;1.95546E+11
Orange;12;7.831;967;1245;206544;2390;7830278302
Bandai Namco Pictures;21;7.821;981;1213;213315;1299;9212192121
Atelier Pontdarc;13;7.771;1106;646;389320;2168;1.7823E+11
Lay-duce;13;7.751;1150;539;448303;3063;2.33486E+11
Studio Bind;12;7.651;1435;1507;167368;2384;7961979619
MAPPA;12;7.651;1424;947;271678;2043;1.44502E+11
LIDENFILMS;13;7.641;1459;641;390353;2546;1.7128E+11
Toei Animation;50;7.611;1554;6384;11386;157;38543854
Zero-G;12;7.551;1778;1048;245801;1937;1.23935E+11
PINE JAM;12;7.551;1749;1144;226739;1642;8923489234
A-1 Pictures;12;7.531;1864;827;313008;2298;8577785777
Diomedéa;12;7.471;2080;1236;208180;1638;9913299132
J.C.Staff;12;7.471;2077;1822;130878;982;5394253942
OLM;12;7.461;2127;849;307294;2060;1.29855E+11
Madhouse;12;7.451;2155;3932;36230;122;1324413244
David Production;23;7.411;2328;1333;191595;1235;5155751557
TMS Entertainment;25;7.411;2331;4466;27815;148;95309530
C2C;12;7.391;2420;1292;197644;768;9119691196
SANZIGEN;12;7.371;2495;5698;15258;135;58205820
Brain's Base;12;7.361;2531;1457;172777;591;5091450914
Zero-G;12;7.321;2747;1117;232679;1241;9487694876
Bandai Namco Pictures;12;7.251;3087;2656;74703;256;2604126041
Tezuka Productions;12;7.231;3203;2198;101869;473;3850438504
SILVER LINK.;12;7.211;3303;1028;252147;1340;8862388623
Studio Hibari;12;7.161;3589;1841;128830;625;4297342973
Studio Blanc.;13;7.121;3819;1063;242849;979;1.25277E+11
Bakken Record;13;7.091;3946;4682;24981;53;84188418
CloverWorks;12;7.051;4151;6468;11045;98;33073307
Encourage Films;12;7.011;4326;1515;166854;559;8090880908
Felix Film;12;6.941;4643;2130;105648;314;5157551575
SILVER LINK.;12;6.861;5014;668;375419;4010;1.14121E+11
Gallop;28;6.821;5250;7143;8714;30;29302930
Maho Film;12;6.811;5301;1847;128473;761;5279052790
Sunrise;12;6.801;5328;6016;13269;44;52175217
Toei Animation;67;6.741;5669;4694;24779;165;72627262
Zexcs;50;6.741;5680;7853;6857;36;15791579
Kinema Citrus;12;6.711;5842;8715;5331;20;14151415
Polygon Pictures;11;6.681;6016;3246;51692;172;1541715417
Ajia-do;12;6.671;6092;2422;86847;279;2897028970
Ashi Productions;13;6.611;6442;3400;47443;127;1403714037
Studio Comet;12;6.561;6719;1541;162816;628;7430574305
LIDENFILMS;24;6.551;6798;5804;14592;71;23692369
OLM;15;6.551;6765;9038;4795;16;13681368
Doga Kobo;12;6.531;6908;5576;16093;82;36443644
Connect;12;6.431;7542;2550;80110;305;2095520955
feel.;12;6.401;7677;1588;157225;709;4530745307
Cloud Hearts;12;6.351;7993;1341;190323;808;9092990929
Signal.MD;10;6.331;8087;3405;47442;103;1355513555
Geek Toys;12;6.331;8122;1366;187793;699;7813178131
ENGI;8;6.261;8492;3183;53781;224;59635963
Studio Deen;12;6.151;9132;5373;17747;60;35453545
Asahi Production;12;6.041;9732;3443;46582;90;1453714537
Tatsunoko Production;12;5.641;11639;3798;39079;123;97959795
Hotline;12;5.461;12231;1995;116625;588;4693646936
ILCA;13;5.251;12807;12066;1902;12;168168
Gaina;6;5.161;12979;9099;4715;34;300300
Quad;12;5.051;13159;1860;127883;669;5076450764
MAPPA;24;8.811;32;298;715626;17161;3.88818E+11
Doga Kobo;11;8.591;103;198;922442;30208;5.43513E+11
Shin-Ei Animation;12;8.231;363;683;369377;5473;1.88156E+11
Production I.G;13;8.211;382;428;552208;6732;2.54645E+11
ufotable;11;8.191;408;187;957084;9555;5.66255E+11
TMS Entertainment;11;8.151;461;454;522103;3215;2.37635E+11
P.A. Works;12;8.121;499;870;302493;3513;1.40331E+11
Brain's Base;13;8.121;495;2117;106775;618;3924339243
MAPPA;13;8.091;530;258;794047;8651;4.26563E+11
LIDENFILMS;13;8.071;572;1078;240522;2214;9221692216
J.C.Staff;24;7.941;749;2401;87829;628;2758127581
Sunrise;12;7.911;794;2241;98634;803;5524455244
Madhouse;13;7.781;1083;508;471330;4763;2.44086E+11
Studio Kafka;12;7.761;1123;1282;199021;1063;6612666126
CygamesPictures;12;7.691;1312;5470;16970;163;71957195
A-1 Pictures;12;7.621;1516;328;674737;4360;3.72385E+11
Toei Animation;50;7.611;1554;6384;11386;157;38543854
Seven Arcs;12;7.611;1567;967;268122;2479;9160891608
Bandai Namco Pictures;12;7.561;1706;3927;36331;174;1599615996
PINE JAM;12;7.551;1749;1144;226739;1642;8923489234
A-1 Pictures;12;7.531;1865;827;313008;2298;8577785777
Typhoon Graphics;12;7.531;1859;1499;168591;1532;7667576675
Studio Signpost;13;7.511;1917;2695;73072;297;3248232482
Drive;12;7.501;1974;715;355873;1917;1.48051E+11
J.C.Staff;25;7.431;2233;2641;75284;307;2012220122
Wit Studio;10;7.341;2624;1651;149123;621;4178341783
Lerche;12;7.311;2803;5584;16040;89;54355435
Tezuka Productions;12;7.311;2766;1693;143993;679;6343263432
EMT Squared;12;7.281;2904;2418;87173;440;3368633686
Geek Toys;12;7.271;3007;1003;259566;1242;1.11687E+11
C2C;12;7.261;3030;2777;69512;205;2499124991
Nippon Animation;24;7.161;3575;2927;63080;272;1698316983
Asahi Production;12;7.151;3632;1558;161103;611;6188361883
Tezuka Productions;12;7.081;4031;1751;137313;460;5028450284
OLM;24;6.981;4461;7308;8245;18;24622462
SILVER LINK.;12;6.861;5014;668;375419;4010;1.14121E+11
Gallop;28;6.821;5250;7143;8714;30;29302930
SynergySP;12;6.811;5302;3552;44344;137;1429114291
Yumeta Company;12;6.711;5866;5612;15836;59;45804580
Studio Palette;12;6.701;5889;1220;211677;736;9152591525
Magic Bus;12;6.681;6052;1300;196420;994;9974199741
Passione;12;6.681;6057;3039;58847;305;2141321413
LIDENFILMS;12;6.611;6433;1735;139610;396;5608456084
Connect;12;6.431;7542;2550;80110;305;2095520955
J.C.Staff;12;6.421;7582;1597;155872;1045;6287362873
Satelight;12;6.411;7643;3071;57739;118;2270522705
Millepensee;13;6.341;8070;745;341762;2251;1.80908E+11
Gekkou;12;6.321;8168;2007;115586;460;4249042490
Bibury Animation Studios;12;6.261;8500;2563;79100;236;2351723517
soket;96;6.121;9256;13652;1173;5;150150
Studio Deen;12;6.081;9488;6256;11956;38;25072507
Lesprit;15;5.741;11181;15178;764;1;156156
C-Station;12;5.731;11262;6795;9868;43;20312031
Nomad;12;5.721;11280;6471;11024;12;30543054
Studio Elle;12;5.671;11531;1461;172014;760;6543465434
Studio 3Hz;12;5.501;12096;4858;22869;65;63366336
None found;5;5.491;12123;18143;406;1;126126
Wit Studio;12;5.251;12807;5311;18413;72;47814781
MAPPA;23;8.761;44;138;1144117;24010;6.43666E+11
Bones;11;8.631;86;1189;218127;2665;9964599645
SANZIGEN;13;8.241;345;4306;29928;788;1379213792
Studio Bind;12;8.231;361;346;654818;7377;3.7281E+11
CloverWorks;13;8.151;464;664;377812;2848;1.66692E+11
J.C.Staff;24;7.941;749;2401;87829;628;2758127581
Lapin Track;13;7.861;902;1519;166239;844;6918669186
OLM;25;7.841;955;1555;161196;1187;4942049420
BUG FILMS;12;7.751;1152;382;606897;4116;2.85154E+11
Kinema Citrus;12;7.731;1228;780;330781;3131;1.65843E+11
GoHands;13;7.651;1414;2024;114511;708;4460744607
J.C.Staff;12;7.641;1458;2795;68882;349;2995429954
LIDENFILMS;24;7.621;1522;1767;136292;896;4648146481
J.C.Staff;12;7.621;1505;2331;92140;335;3166531665
Toei Animation;50;7.611;1554;6384;11386;157;38543854
J.C.Staff;25;7.431;2233;2641;75284;307;2012220122
Doga Kobo;12;7.371;2500;2366;90135;442;3233432334
Bandai Namco Pictures;12;7.341;2618;3769;39702;109;1625516255
Satelight;24;7.281;2942;2081;110049;327;4187941879
SILVER LINK.;12;7.231;3217;1135;228982;1316;8827888278
Nippon Animation;24;7.161;3575;2927;63080;272;1698316983
SILVER LINK.;12;7.151;3624;2435;86250;213;3612836128
feel.;12;7.151;3605;3397;47538;101;1661916619
GoHands;13;7.141;3693;1208;214118;1467;8173881738
Yokohama Animation Laboratory;12;7.111;3861;1859;127940;364;6519865198
OLM;12;7.111;3860;2099;108457;506;4841248412
TMS Entertainment;12;7.031;4245;1321;193481;1006;8646886468
OLM;24;6.981;4461;7308;8245;18;24622462
Project No.9;12;6.901;4835;1889;125138;449;4574045740
Sunrise;13;6.861;5037;3700;41193;180;1240612406
SILVER LINK.;12;6.861;5014;668;375419;4010;1.14121E+11
8bit;12;6.821;5215;3314;50116;176;1311013110
Zexcs;25;6.781;5440;10320;3169;11;736736
Pie in the sky;12;6.731;5753;9160;4632;3;17251725
Gekkou;12;6.701;5878;2084;109975;417;4388343883
SynergySP;12;6.701;5904;2262;97439;241;4717047170
Studio 3Hz;12;6.671;6109;1590;156615;333;5242452424
Studio Gokumi;12;6.631;6328;1371;186853;1083;8733787337
Kinema Citrus;13;6.571;6625;9923;3613;17;11021102
J.C.Staff;15;6.561;6697;1483;170275;787;6404764047
Madhouse;12;6.531;6887;3391;47686;121;1539015390
Staple Entertainment;12;6.481;7224;1385;184109;566;8727587275
Studio Gokumi;12;6.461;7314;1617;153348;364;7357473574
Studio Blanc.;12;6.431;7541;3312;50145;151;1501315013
Connect;12;6.431;7542;2550;80110;305;2095520955
LIDENFILMS;12;6.421;7620;2708;72679;231;2162121621
Geek Toys;12;6.301;8298;1540;163162;687;6206462064
Maho Film;12;6.221;8730;1752;137203;318;6421664216
soket;96;6.121;9256;13652;1173;5;150150
Actas;12;6.051;9677;1806;132932;482;4901249012
New Deer;12;5.901;10462;13840;1109;7;184184
ILCA;13;5.831;10766;7518;7617;28;26992699
None found;5;5.541;11985;10933;2661;15;158158
MontBlanc Pictures;3;4.661;13540;4048;34195;169;48824882
Madhouse;28;9.311;1;162;1033004;63025;6.0164E+11
OLM;24;8.881;23;421;564467;16823;2.95826E+11
MAPPA;23;8.761;44;138;1144117;24010;6.43666E+11
TMS Entertainment;11;8.321;261;747;341318;1502;1.74505E+11
Nexus;12;8.311;271;543;446320;4840;2.42438E+11
C2C;25;8.081;544;694;362047;2936;1.80571E+11
Wit Studio;12;8.061;589;410;571135;3606;2.64502E+11
A-1 Pictures;12;7.921;777;2928;63079;606;2431124311
Studio Kafka;12;7.901;823;2116;106993;315;4285642856
Shuka;12;7.881;874;2889;64763;358;2335123351
OLM;25;7.841;955;1555;161196;1187;4942049420
LIDENFILMS;13;7.821;1002;1173;222140;1504;9762897628
David Production;24;7.761;1143;857;305412;1739;1.0591E+11
BUG FILMS;12;7.751;1152;382;607000;4116;2.85154E+11
Bibury Animation Studios;12;7.721;1238;959;269858;2617;1.35561E+11
Geek Toys;13;7.721;1243;2358;90468;589;3491434914
LIDENFILMS;24;7.621;1522;1767;136292;896;4648146481
Toei Animation;50;7.611;1554;6384;11386;157;38543854
Studio Kai;13;7.601;1574;4698;24726;90;97069706
Yostar Pictures;8;7.571;1684;3336;49451;299;1562115621
Felix Film;12;7.561;1738;2633;75662;681;3353133531
SILVER LINK.;24;7.551;1761;1108;234679;1412;8583385833
Diomedéa;13;7.501;1973;1668;147333;979;5095450954
TROYCA;12;7.491;1989;2832;66901;464;2359623596
Geek Toys;12;7.451;2171;1835;129313;374;5515855158
Diomedéa;12;7.431;2240;2290;95187;349;3805638056
OLM;12;7.431;2224;1823;130579;378;4332743327
Studio Kai;39;7.421;2288;5706;15223;108;58005800
Platinum Vision;12;7.341;2654;1871;127201;1173;5870158701
Satelight;24;7.281;2942;2081;110049;327;4187941879
Telecom Animation Film;24;7.271;2987;2552;80091;417;2196221962
SILVER LINK.;12;7.211;3295;2461;84766;312;4045640456
LIDENFILMS;12;7.201;3359;659;379188;3157;1.29769E+11
Zero-G;12;7.161;3563;1927;121589;517;4673146731
Project No.9;12;7.151;3663;1953;119271;787;4462244622
Studio Gokumi;12;7.151;3665;3119;55878;333;1613916139
Kinema Citrus;12;7.101;3924;504;472586;6098;1.29334E+11
Lerche;4;7.081;4001;2788;69188;419;2063520635
Fugaku;20;7.071;4065;7469;7746;34;14981498
Arvo Animation;12;7.061;4102;1636;151169;457;7217372173
SynergySP;12;7.011;4327;2061;111498;411;4824448244
Shirogumi;12;6.921;4749;6452;11113;52;31013101
Silver;13;6.901;4809;3083;57211;235;2405824058
Tezuka Productions;12;6.891;4903;2710;72633;326;2397623976
PINE JAM;12;6.861;5021;3735;40387;437;90039003
A-1 Pictures;13;6.851;5117;6241;12039;105;32663266
Zexcs;25;6.781;5440;10320;3169;11;736736
A-Real;12;6.771;5501;2987;61148;150;2016520165
Typhoon Graphics;13;6.761;5566;2316;93351;208;3971639716
ENGI;12;6.751;5628;1303;195992;1507;8494684946
A.C.G.T.;12;6.731;5737;1198;215972;899;1.0677E+11
8bit;12;6.711;5858;2643;75146;213;2530125301
Brain's Base;23;6.691;5991;4362;29186;70;87728772
Toei Animation;12;6.591;6514;7042;9012;32;25112511
Jumondo;12;6.551;6775;3265;51166;75;2452024520
Maho Film;12;6.391;7743;2367;89790;207;3979839798
Asahi Production;12;6.321;8150;8249;6072;29;881881
Project No.9;12;6.301;8254;3464;46224;96;1638616386
Yokohama Animation Laboratory;12;6.221;8761;1247;206245;969;8058880588
Passione;12;6.201;8851;1591;156537;840;6139161391
Nut;12;6.181;8923;5957;13572;23;41104110
Production I.G;3;6.171;8999;5008;21257;53;44024402
Quad;12;6.101;9416;3757;39947;120;1215612156
Point Pictures;12;5.841;10713;13562;1204;2;140140
Unend;12;5.821;10845;4515;27150;73;65126512
Wit Studio;12;5.681;11476;8866;5085;16;14421442
Project No.9;13;5.671;11549;2562;79087;506;2736327363
evg;12;5.671;11542;7666;7266;18;17201720
Yokohama Animation Laboratory;13;5.611;11771;7684;7235;9;817817
Lesprit;12;5.471;12209;10197;3311;5;565565
Madhouse;28;9.311;1;162;1033379;63026;6.01913E+11
OLM;24;8.881;23;421;564467;16823;2.95826E+11
Shin-Ei Animation;13;8.761;43;1047;245958;5330;1.36217E+11
Pierrot;13;8.721;55;3486;45745;521;1942119421
Trigger;24;8.611;96;541;446989;8841;2.17419E+11
A-1 Pictures;12;8.281;306;216;871735;16301;5.06652E+11
Ajia-do;12;8.211;383;921;280014;3641;1.24659E+11
C2C;25;8.081;544;694;362047;2936;1.80571E+11
Lerche;13;7.961;710;540;447144;4267;2.18498E+11
David Production;23;7.851;937;3289;50789;225;1558015580
J.C.Staff;25;7.841;943;912;282797;2224;1.25359E+11
A-1 Pictures;12;7.811;1012;579;421839;1959;2.20524E+11
David Production;24;7.761;1143;857;305412;1739;1.0591E+11
Satelight;12;7.641;1445;2663;74234;714;3306633066
Asahi Production;13;7.631;1469;1448;173996;1939;7907679076
Toei Animation;50;7.581;1659;7461;7768;93;21012101
Studio Massket;12;7.561;1743;1996;116501;598;5500355003
CygamesPictures;12;7.561;1729;4195;31528;211;97409740
SILVER LINK.;24;7.551;1761;1108;234679;1412;8583385833
Shin-Ei Animation;13;7.531;1832;993;262063;1197;1.38023E+11
Studio Kai;12;7.511;1922;1363;188010;1435;9483694836
Connect;12;7.431;2221;1407;178707;760;9334693346
Yokohama Animation Laboratory;12;7.421;2270;1549;161953;968;5719657196
Studio Kai;39;7.421;2288;5705;15223;108;58005800
Telecom Animation Film;24;7.271;2987;2552;80091;417;2196221962
Maho Film;12;7.251;3103;2246;98352;499;4495244952
SynergySP;12;7.251;3083;2338;91745;524;2771327713
PINE JAM;12;7.241;3175;2754;70346;209;2434924349
Jumondo;12;7.131;3752;1452;173395;816;8956989569
8bit;12;7.081;4006;5180;19534;73;64636463
Studio Hibari;12;7.071;4075;3481;45776;159;1467514675
Fugaku;20;7.071;4065;7470;7746;34;14981498
Studio VOLN;12;7.061;4116;1572;159449;608;4731547315
Project No.9;13;7.041;4171;1784;134780;606;5321753217
SILVER LINK.;12;7.031;4271;1375;185988;982;8184481844
Kinema Citrus;13;7.021;4284;9767;3805;18;12011201
White Fox;13;6.991;4424;2984;61201;187;1722317223
Children's Playground Entertainment;12;6.911;4786;1901;124129;409;4628946289
Seven Arcs;12;6.851;5087;1181;220056;1653;8389083890
SILVER LINK.;12;6.841;5136;2152;104701;208;4681846818
EMT Squared;12;6.781;5438;2488;83328;412;3576935769
Studio Flad;12;6.761;5527;1805;133085;377;4844648446
Brain's Base;23;6.691;5991;4362;29186;70;87728772
Passione;12;6.671;6116;2092;109032;383;3335333353
E&H Production;13;6.661;6152;1409;178636;1082;6794367943
Bridge;13;6.571;6648;4080;33701;129;73737373
MAPPA;12;6.521;6975;2265;97190;391;3865638656
Drive;12;6.511;7035;3260;51306;232;1559315593
Studio PuYUKAI;13;6.501;7103;6847;9693;17;30463046
OLM;12;6.471;7270;4091;33554;138;82828282
Okuruto Noboru;12;6.371;7848;1578;158488;615;7265372653
Tsumugi Akita Animation Lab;10;6.331;8118;5787;14669;43;45644564
Project No.9;12;6.301;8254;3464;46224;96;1638616386
Bones;13;6.201;8821;2120;106619;376;3122631226
Studio Polon;12;6.121;9306;2394;88043;131;3836738367
Staple Entertainment;12;6.071;9558;1957;118805;370;4564145641
Signal.MD;10;5.881;10534;6072;12904;10;45054505
ILCA;13;5.851;10689;8297;6003;17;20142014
OLM;12;5.421;12362;6371;11397;10;27942794
Wolfsbane;12;5.241;12816;3883;37284;145;98669866
Super Normal Studio;13;5.141;13023;8605;5501;10;468468
Kyoto Animation;13;8.721;53;2532;81091;1518;2974829748
Trigger;24;8.611;96;541;446989;8841;2.17419E+11
Studio Bind;12;8.431;179;512;467612;4011;2.55606E+11
Toei Animation;13;8.391;203;2163;103528;2297;3898638986
Drive;11;8.361;226;501;475601;5324;1.86555E+11
Production I.G;12;8.301;276;429;551507;5412;3.04231E+11
J.C.Staff;12;8.141;466;3047;58655;246;2187021870
ufotable;8;8.111;504;391;592307;4579;3.15582E+11
Passione;25;8.111;511;1139;227869;1823;6865168651
Tezuka Productions;25;8.101;523;2614;76518;554;2654326543
Bones;21;8.071;558;695;361718;2663;1.35065E+11
Pierrot;20;8.061;578;3368;48192;433;1475614756
8bit;12;8.011;653;2365;90249;526;3082330823
CloverWorks;11;7.861;909;2359;90423;688;2847028470
David Production;23;7.851;937;3289;50789;225;1558015580
J.C.Staff;25;7.841;943;912;282797;2224;1.25359E+11
Doga Kobo;12;7.771;1109;1988;117271;895;4415744157
Studio Deen;12;7.751;1149;3781;39426;349;1357213572
CloverWorks;13;7.741;1193;727;348264;2736;1.69353E+11
Geek Toys;12;7.691;1328;1913;123157;1310;3925039250
8bit;24;7.681;1341;616;401583;4199;1.59663E+11
Toei Animation;50;7.581;1659;7461;7768;93;21012101
SILVER LINK.;27;7.551;1787;1881;125675;605;3541535415
MAPPA;12;7.511;1929;3657;41871;244;1597215972
Gekkou;11;7.471;2084;1811;132449;544;4420844208
Tsumugi Akita Animation Lab;12;7.441;2193;1262;203057;1001;1.04398E+11
Studio Kai;39;7.421;2288;5705;15226;108;58005800
Liber;12;7.381;2439;1942;120092;479;4388643886
EMT Squared;12;7.371;2501;2605;77089;257;2915929159
Okuruto Noboru;12;7.341;2615;2538;80637;316;3493234932
Yostar Pictures;12;7.321;2734;1534;163768;734;6319063190
Brain's Base;12;7.291;2887;1460;172055;683;8212582125
LIDENFILMS;13;7.291;2880;4843;23025;72;72947294
SynergySP;12;7.281;2943;2913;63616;161;2698326983
studio MOTHER;12;7.171;3524;1571;159511;388;7897478974
OLM;13;7.101;3903;6055;12987;40;46774677
8bit;13;7.041;4180;1742;138696;472;4451444514
Yostar Pictures;12;7.041;4201;2856;66134;1091;2333823338
Okuruto Noboru;12;7.031;4259;2637;75451;359;3036030360
Connect;12;6.961;4559;3192;53468;170;1852018520
Sunrise;12;6.841;5156;8071;6412;9;26992699
J.C.Staff;12;6.821;5229;1272;200586;866;1.00015E+11
Zero-G;12;6.771;5466;2315;93355;284;2955029550
East Fish Studio;12;6.751;5604;1990;117048;520;4137041370
ENGI;12;6.731;5711;1782;134832;611;4792647926
Yokohama Animation Laboratory;12;6.671;6062;2408;87632;781;1925319253
E&H Production;13;6.661;6152;1409;178636;1082;6794367943
Zexcs;23;6.651;6207;11245;2431;10;501501
Telecom Animation Film;12;6.561;6710;4214;31179;59;1081510815
Studio Deen;12;6.551;6778;1586;157411;478;8038480384
Yokohama Animation Laboratory;12;6.441;7486;1880;125782;372;5695456954
SILVER LINK.;12;6.431;7517;1403;180568;822;4064240642
LIDENFILMS;13;6.271;8468;2354;90668;256;3061830618
Studio Blanc.;12;6.201;8861;3433;46836;237;1582915829
Studio A-CAT;12;6.151;9111;5422;17369;98;44504450
domerica;8;6.111;9362;5989;13384;45;20672067
Polygon Pictures;12;6.091;9454;6769;9948;54;23252325
Shin-Ei Animation;6;5.691;11420;17105;490;0;164164
TMS Entertainment;12;5.661;11566;6932;9387;36;21022102
Studio Deen;12;5.211;12894;2508;81898;203;3088230882
Doga Kobo;13;8.591;104;587;417865;5509;1.82119E+11
A-1 Pictures;12;8.151;458;1027;252651;2750;1.27134E+11
Passione;25;8.111;511;1139;227907;1823;6865168651
Tezuka Productions;25;8.101;523;2614;76518;554;2654326543
Bones;21;8.071;558;695;361718;2663;1.35065E+11
Pierrot;20;8.061;578;3368;48214;433;1475614756
A-1 Pictures;12;8.041;615;2324;92867;456;2891228912
Actas;12;7.891;842;915;280945;1565;1.44797E+11
Nomad;12;7.851;927;1450;173824;1340;6823968239
CloverWorks;12;7.821;983;1479;170768;739;6717767177
8bit;24;7.681;1341;616;401676;4199;1.59746E+11
Doga Kobo;12;7.601;1573;633;393855;4925;1.97203E+11
White Fox;22;7.591;1613;4722;24348;86;68806880
Toei Animation;50;7.581;1659;7461;7768;93;21012101
Bones;12;7.571;1672;2403;87731;416;3109931099
SILVER LINK.;27;7.551;1787;1881;125708;606;3544135441
Studio Deen;12;7.471;2079;3383;47958;418;1466014660
J.C.Staff;24;7.431;2226;1869;127259;802;3712637126
Tezuka Productions;12;7.381;2470;2760;70147;379;2707727077
E&H Production;12;7.381;2472;5734;15020;84;52375237
Yumeta Company;12;7.381;2456;1616;153527;534;7763577635
P.A. Works;12;7.361;2532;3296;50553;210;1699516995
Studio Deen;12;7.351;2571;1418;177001;1391;7061570615
Project No.9;12;7.311;2795;2622;76091;417;2402624026
Lapin Track;10;7.291;2871;2122;106397;473;3447834478
Atelier Pontdarc;12;7.281;2948;1317;194509;771;7716777167
TROYCA;13;7.181;3488;2691;73273;384;2067620676
OLM;12;7.111;3853;3570;43902;97;1641116411
Kinema Citrus;13;7.111;3846;11135;2501;12;795795
TNK;12;7.051;4154;2867;65548;209;2226822268
Wit Studio;12;7.021;4301;1077;240525;1610;9330693306
8bit;12;6.921;4744;4438;28073;67;90859085
OLM;12;6.901;4854;1501;168390;581;7971179711
Production I.G;11;6.811;5305;7430;7823;34;15781578
J.C.Staff;13;6.801;5344;3344;49137;248;1006410064
Typhoon Graphics;12;6.801;5324;2790;69089;175;2575525755
Tezuka Productions;12;6.771;5494;3075;57505;220;2129021290
P.A. Works;13;6.741;5691;5285;18598;31;62866286
The Answer Studio;13;6.691;5982;1026;253185;1269;8856088560
Studio Outrigger;12;6.691;5949;12378;1696;11;693693
EMT Squared;12;6.671;6115;2610;76726;293;3246832468
Yokohama Animation Laboratory;12;6.671;6062;2408;87634;781;1925419254
Zexcs;23;6.651;6207;11247;2431;10;501501
Studio Palette;13;6.541;6843;3439;46617;61;1577815778
Seven Arcs;12;6.481;7194;1397;181621;720;8898188981
Wit Studio;10;6.451;7390;1649;149386;570;4374243742
Studio A-CAT;12;6.411;7634;1846;128457;400;5219252192
P.A. Works;12;6.381;7783;4262;30495;75;89498949
ROLL2;12;6.281;8399;2954;62184;210;2078120781
Project No.9;12;6.241;8636;1989;117077;355;4268642686
LIDENFILMS;10;6.061;9599;3058;58307;126;1694616946
ILCA;13;6.031;9785;9537;4078;15;14741474
Gaina;13;5.851;10671;7460;7773;35;18351835
Gekkou;12;5.821;10859;2746;70788;143;2875128751
Elias;12;5.601;11798;3527;44781;184;1460614606
Satelight;24;5.551;11961;4841;23018;43;65376537
AQUA ARIS;12;5.441;12290;15798;652;1;212212
None found;12;5.371;12497;6530;10797;23;19211921
Shuka;12;8.591;99;3531;44815;444;1130311303
Science SARU;12;8.561;109;353;647718;10030;3.52589E+11
MAPPA;12;8.051;604;1974;118067;870;5269652696
J.C.Staff;15;8.031;628;1576;158777;865;2429424294
LIDENFILMS;23;8.001;660;3477;45885;210;71517151
Sunrise;12;7.891;851;5318;18387;130;57685768
Felix Film;12;7.801;1048;3926;36389;184;1582215822
Felix Film;12;7.631;1476;2105;108196;515;5251652516
Diomedéa;13;7.591;1626;3209;52800;220;1584515845
White Fox;22;7.591;1613;4722;24348;86;68806880
Toei Animation;50;7.581;1659;7461;7768;93;21012101
8bit;14;7.561;1707;1025;253912;1868;1.0919E+11
Studio Signpost;12;7.531;1854;3134;55373;179;1854818548
J.C.Staff;12;7.481;2030;2169;103282;323;4096240962
studio MOTHER;12;7.481;2020;2287;95386;266;4102441024
Telecom Animation Film;12;7.461;2104;4204;31340;113;68746874
J.C.Staff;24;7.431;2226;1869;127260;803;3712737127
Studio VOLN;12;7.421;2285;2564;79104;202;2007720077
Ashi Productions;12;7.401;2370;3243;51798;299;1762717627
Nut;12;7.371;2483;3112;56231;244;1915519155
Signal.MD;12;7.351;2577;3366;48271;279;1672116721
Maho Film;13;7.331;2688;2227;99136;482;4572745727
OLM;13;7.311;2769;8831;5148;15;22442244
Studio Deen;12;7.191;3410;2037;113740;570;4024540245
A-1 Pictures;12;7.161;3597;2207;100872;327;2479424794
Ashi Productions;12;7.131;3732;2276;96394;293;3644536445
asread.;16;7.091;3968;1584;157962;990;2948129481
Felix Film;12;7.081;4023;2065;111473;444;3753637536
Zero-G;13;7.071;4049;2068;111045;350;4882048820
J.C.Staff;12;7.041;4225;2543;80477;344;3210232102
Lerche;4;7.041;4213;3981;35272;127;87528752
J.C.Staff;12;6.971;4507;4423;28345;58;86838683
TOHO animation STUDIO;12;6.961;4579;6634;10416;45;34553455
The Answer Studio;13;6.911;4777;2162;103654;214;4459644596
C-Station;12;6.901;4842;7456;7787;22;26432643
TMS Entertainment;12;6.871;4978;1517;166590;1222;4784947849
TriF Studio;12;6.831;5170;3318;50057;135;1516315163
J.C.Staff;13;6.801;5344;3344;49139;248;1006410064
Pie in the sky;12;6.751;5610;11711;2118;7;704704
Voil;12;6.731;5732;5077;20569;59;67946794
Yokohama Animation Laboratory;12;6.671;6062;2408;87634;781;1925419254
M.S.C;13;6.651;6208;7848;6867;23;15821582
Passione;12;6.581;6617;2125;106245;439;4561145611
Toei Animation;13;6.481;7182;14355;969;3;131131
Imagica Infos;6;6.401;7692;8039;6482;29;15231523
SynergySP;12;6.351;7995;2685;73478;169;2983029830
Polygon Pictures;12;6.321;8173;9205;4558;20;11741174
Unend;12;6.211;8794;7579;7479;18;20162016
J.C.Staff;12;6.191;8885;5674;15355;18;48364836
Gekkou;12;5.911;10417;3645;42284;103;1536815368
None found;6;5.811;10886;8755;5264;21;140140
Akatsuki;4;5.791;10998;1134;229402;1226;6115061150
Studio Elle;12;5.701;11404;2714;72546;122;2976629766
Hayabusa Film;12;5.671;11525;7801;6965;22;10591059
Satelight;24;5.551;11961;4841;23018;43;65376537
