,Main_Studio,Episodes,Rating Score,Rating Score Rank,Popularity Rank,Members,Favorites,Reviewers,log_norm_rating,log_norm_reviewers,Cluster,Category
0,MAPPA,24,8.561,110,13,2755845,93161,18097800000000.0,2.257692324103309,30.526811499851625,0,Best
1,C-Station,13,8.501,145,1091,238832,3105,105254000000.0,2.2513970562246124,25.379642313546835,0,Best
2,White Fox,12,8.431,180,183,969121,13012,568781000000.0,2.2440021355617477,27.066761311222464,0,Best
3,Studio Bind,11,8.361,227,95,1438841,36751,887681000000.0,2.236552122389608,27.511878281165398,0,Best
4,8bit,12,8.361,231,161,1033610,10879,598596000000.0,2.236552122389608,27.11785275008575,0,Best
5,SILVER LINK.,12,8.361,228,1819,131268,959,5058450584.0,2.236552122389608,22.344326064856368,2,Good
6,CloverWorks,13,8.191,405,88,1489885,37572,902229000000.0,2.2182247443759726,27.528134205054076,0,Best
7,TMS Entertainment,11,8.151,462,144,1105489,7420,630897000000.0,2.213863162933241,27.17040845320171,0,Best
8,Studio Kai,13,8.061,590,3064,58147,904,2534725347.0,2.2039794892399236,21.653351124135703,2,Good
9,Toei Animation,12,8.051,593,1546,162666,812,6277162771.0,2.2028752488450336,22.56018392744153,2,Good
10,Bibury Animation Studios,12,8.021,643,279,758384,11628,460373000000.0,2.199555192674502,26.855302867419827,0,Best
11,Bones,12,8.001,671,392,590843,13450,300114000000.0,2.1973356822749484,26.42742823942423,0,Best
12,Bones,12,7.981,685,1882,125754,1164,5356453564.0,2.1951112346888126,22.401567944722377,2,Good
13,Orange,12,7.771,1101,513,467473,2275,244583000000.0,2.1714508249692446,26.222820556561757,0,Best
14,Toei Animation,100,7.731,1218,2613,76566,644,2596225962.0,2.1668799108286705,21.677324674758342,2,Good
15,CloverWorks,12,7.561,1725,263,790421,9204,355311000000.0,2.1472170057603486,26.596259299249287,0,Best
16,LIDENFILMS,13,7.521,1889,1111,234437,457,8291882918.0,2.142533704845819,22.83854291166628,2,Good
17,Millepensee,24,7.451,2154,502,473394,4597,250373000000.0,2.1342847775623452,26.24621764288651,0,Best
18,Lerche,12,7.411,2311,2759,70276,570,1980219802.0,2.1295403729803004,21.406473687107685,2,Good
19,Pierrot,25,7.401,2355,4751,24097,111,84058405.0,2.12835074638271,18.247022424715723,3,Medium
20,Toei Animation,46,7.391,2398,5864,14126,147,45434543.0,2.1271597028879325,17.631783254745603,3,Medium
21,Ajia-do,12,7.371,2477,628,397140,2303,177392000000.0,2.1247733516779195,25.901627809982045,0,Best
22,David Production,8,7.371,2498,906,284701,601,102613000000.0,2.1247733516779195,25.354230467319365,0,Best
23,Team TillDawn,24,7.231,3196,5593,15984,44,82148214.0,2.107907513990507,18.22403567366614,3,Medium
24,Tatsunoko Production,51,7.231,3212,10519,3008,11,972972.0,2.107907513990507,13.788111611553937,1,Bad
25,Passione,24,7.201,3362,900,288572,1602,9630096300.0,2.1042560980542744,22.988159062810286,2,Good
26,Asahi Production,12,7.161,3599,2500,82790,308,3394333943.0,2.099366710487106,21.945373391375504,2,Good
27,Platinum Vision,12,7.151,3619,2449,85346,335,3393433934.0,2.0981406191123204,21.9451082058178,2,Good
28,Kinema Citrus,12,7.141,3691,6031,13170,50,37713771.0,2.0969130225918406,17.445535890750385,3,Medium
29,Project No.9,12,7.111,3867,594,414872,2010,207832000000.0,2.0932211650882078,26.059995897985672,0,Best
30,Studio Deen,12,7.071,4046,1019,256187,647,8929889298.0,2.088277390342235,22.912669835229426,2,Good
31,J.C.Staff,12,7.031,4253,5166,19674,68,47014701.0,2.083309053206325,17.66597091927059,3,Medium
32,Studio CANDY BOX,12,7.011,4348,3185,53717,254,2107321073.0,2.08081559723298,21.468683344591977,2,Good
33,W-Toon Studio,26,6.981,4474,7611,7389,27,30183018.0,2.0770637168938717,17.222790039435523,3,Medium
34,Toei Animation,45,6.921,4739,6047,13036,84,41924192.0,2.0695174604821425,17.55137361682997,3,Medium
35,Sunrise,24,6.701,5928,1861,127860,653,3843838438.0,2.041350190557113,22.069737297774736,2,Good
36,Production I.G,12,6.681,6048,8257,6061,12,19201920.0,2.0387497470165448,16.77052088407647,3,Medium
37,LIDENFILMS,12,6.651,6215,1865,127724,567,4205242052.0,2.0348363582497146,22.159597691853747,2,Good
38,Studio Deen,24,6.571,6673,533,451468,1582,215880000000.0,2.0243251591211697,26.097988534701486,0,Best
39,Lay-duce,12,6.561,6725,5399,17562,119,53385338.0,2.023003456576133,17.79304671567272,3,Medium
40,Bandai Namco Pictures,24,6.551,6783,9406,4256,27,12641264.0,2.0216800048212886,16.35247702078933,3,Medium
41,Acca effe,12,6.491,7129,6099,12757,17,33753375.0,2.013702299965746,17.334590999909814,3,Medium
42,J.C.Staff,12,6.451,7394,3586,43494,157,1346913469.0,2.0083482515715905,21.02108149326148,2,Good
43,Saetta,12,6.381,7838,5703,15247,16,57885788.0,1.9989091307879152,17.873982472003288,3,Medium
44,LIDENFILMS,12,6.331,8094,869,302743,875,150006000000.0,1.9921119322414496,25.733941130249356,0,Best
45,Studio VOLN,24,6.331,8074,3597,43269,103,1430414304.0,1.9921119322414496,21.081229963032623,2,Good
46,Pie in the sky,25,6.301,8271,13185,1333,2,153153.0,1.9880113250739486,11.939199230104634,1,Bad
47,Okuruto Noboru,12,6.281,8408,598,413430,1795,212244000000.0,1.985268215412574,26.08100239319178,0,Best
48,Bridge,92,6.201,8864,5260,18794,88,49084908.0,1.9742199052667297,17.709062193180177,3,Medium
49,Studio Deen,11,6.191,8887,4201,31427,90,87978797.0,1.972830244120357,18.292606411595564,3,Medium
50,David Production,12,6.141,9164,2005,115822,359,4693446934.0,1.965852822566973,22.26943310361583,2,Good
51,OLM,26,6.041,9718,2654,74811,163,2138321383.0,1.9517502055369962,21.48328695817752,2,Good
52,GoHands,13,5.921,10346,3960,35651,145,86828682.0,1.9345602678597262,18.279447574352986,3,Medium
53,OLM,51,5.911,10405,12523,1628,2,272272.0,1.9331143451092572,12.514560518402263,1,Bad
54,Asahi Production,12,5.861,10614,3290,50792,204,1520915209.0,1.9258532037087537,21.142578102450095,2,Good
55,LIDENFILMS,12,5.841,10742,2676,73795,164,2270522705.0,1.922933919778861,21.543275908892706,2,Good
56,LIDENFILMS Osaka Studio,48,5.841,10723,9188,4582,3,937937.0,1.922933919778861,13.751439127722763,1,Bad
57,ILCA,13,5.821,10835,5523,16531,22,66956695.0,1.9200060886725823,18.019556640036814,3,Medium
58,Studio A-CAT,12,5.781,11042,5525,16519,37,47584758.0,1.9141245837017051,17.67802307885455,3,Medium
59,Zexcs,48,5.751,11160,5451,17118,36,51855185.0,1.9096906420597335,17.763965506924617,3,Medium
60,TMS Entertainment,52,5.711,11335,9227,4525,6,17101710.0,1.9037479711761023,16.654689074946905,3,Medium
61,Kachidoki Studio,50,5.711,11323,12330,1729,6,227227.0,1.9037479711761023,12.333709197672398,1,Bad
62,OLM,50,5.611,11746,11138,2497,5,438438.0,1.888734928351441,12.990975970513265,1,Bad
63,J.C.Staff,12,5.601,11812,6410,11296,20,33933393.0,1.8872211527066338,17.339910161230243,3,Medium
64,Hoods Entertainment,12,5.501,12119,5547,16348,26,53685368.0,1.8719560112223317,17.798651064255083,3,Medium
65,Fanworks,12,5.451,12259,10310,3187,4,15491549.0,1.8642351575501046,16.555805271944706,3,Medium
66,CloverWorks,11,5.261,12771,185,959416,4503,498290000000.0,1.8343399167631733,26.934448073802418,0,Best
67,Shin-Ei Animation,10,5.071,13123,8646,5448,12,23542354.0,1.803523336148297,16.97431169727337,3,Medium
68,None found,5,4.941,13270,14942,822,4,175175.0,1.7818774693736044,12.073546461799578,1,Bad
69,Visual Flight,12,2.881,13829,2478,83835,310,4441944419.0,1.3560928523867692,22.214358049958555,2,Good
70,TMS Entertainment,13,8.961,15,460,514864,20749,255908000000.0,2.298677468163029,26.26808384183921,0,Best
71,Pierrot,26,8.831,30,2033,113997,2347,4576645766.0,2.2855406583847873,22.244232201478198,2,Good
72,OLM,13,8.651,78,515,466997,8716,230957000000.0,2.267061536924999,26.16549738295885,0,Best
73,Wit Studio,13,8.391,205,412,570600,11140,256981000000.0,2.2397517838224767,26.27226798915148,0,Best
74,Brain's Base,20,8.341,244,199,922273,15100,390320000000.0,2.2344133128907115,26.690232752456556,0,Best
75,A-1 Pictures,11,8.321,258,224,860299,23174,446396000000.0,2.23226991907902,26.82447228740213,0,Best
76,Production I.G,13,8.281,302,954,270556,3217,125968000000.0,2.227969299613256,25.55929374339646,0,Best
77,TMS Entertainment,13,8.181,417,1231,209567,2190,8709587095.0,2.217136131161563,22.887690220946606,2,Good
78,Bandai Namco Pictures,21,8.031,621,735,345236,2431,171851000000.0,2.2006631032686617,25.869893659259365,0,Best
79,MAPPA,12,7.991,676,1148,226562,1598,9127691276.0,2.1962240770026358,22.9345786273961,2,Good
80,LIDENFILMS,24,7.871,877,105,1323564,25254,731285000000.0,2.18278752953845,27.3180690975963,0,Best
81,CloverWorks,13,7.801,1036,986,264266,2196,106469000000.0,2.174865351391675,25.391119699921127,0,Best
82,Toei Animation,100,7.731,1218,2613,76566,644,2596225962.0,2.1668799108286705,21.677324674758342,2,Good
83,8bit,12,7.591,1617,699,360897,2111,161920000000.0,2.1507151436559195,25.81036822305169,0,Best
84,Shin-Ei Animation,12,7.531,1863,1605,155022,797,6240362403.0,2.1437065879265575,22.554304095205413,2,Good
85,Zexcs,12,7.491,1992,2077,110530,924,4052640526.0,2.1390067790172265,22.122634487592254,2,Good
86,Studio Kai,12,7.451,2142,1916,122909,1043,4986549865.0,2.1342847775623452,22.330010097956738,2,Good
87,Millepensee,24,7.451,2154,502,473394,4597,250373000000.0,2.1342847775623452,26.24621764288651,0,Best
88,Trigger,12,7.431,2241,1732,139737,901,4589545895.0,2.1319153889405387,22.247046922791306,2,Good
89,Toei Animation,46,7.391,2398,5864,14126,147,45434543.0,2.1271597028879325,17.631783254745603,3,Medium
90,Bones,25,7.361,2543,115,1259149,10226,647706000000.0,2.123578037167921,27.19670272664186,0,Best
91,Diomedéa,12,7.311,2794,1163,224092,1292,105419000000.0,2.117579938570889,25.381208722471907,0,Best
92,Project No.9,13,7.271,3017,357,641172,6287,343249000000.0,2.1127554207097696,26.561721968264685,0,Best
93,J.C.Staff,25,7.261,3029,953,270775,1961,101148000000.0,2.1115456455803683,25.339850627759642,0,Best
94,Tatsunoko Production,51,7.231,3212,10519,3008,11,972972.0,2.107907513990507,13.788111611553937,1,Bad
95,Telecom Animation Film,12,7.221,3274,238,840873,8953,455946000000.0,2.1066918561699963,26.84564021839803,0,Best
96,J.C.Staff,12,7.141,3688,623,398127,2050,186661000000.0,2.0969130225918406,25.95255997440921,0,Best
97,Nomad,12,7.121,3800,1038,248876,1709,114254000000.0,2.094453299300274,25.461689877057527,0,Best
98,Shaft,12,7.081,3987,2128,105775,599,3344633446.0,2.0895156272513105,21.930622942160284,2,Good
99,J.C.Staff,12,7.031,4253,5166,19674,68,47014701.0,2.083309053206325,17.66597091927059,3,Medium
100,TMS Entertainment,12,7.011,4362,2133,105623,749,4201842018.0,2.08081559723298,22.158788842041794,2,Good
101,W-Toon Studio,26,6.981,4474,7611,7389,27,30183018.0,2.0770637168938717,17.222790039435523,3,Medium
102,Revoroot,12,6.911,4765,603,411542,2225,198342000000.0,2.068254196039259,26.013258650353258,0,Best
103,Bridge,52,6.901,4827,946,271882,1735,7711877118.0,2.066989333740596,22.766027460388084,2,Good
104,Tezuka Productions,10,6.691,5958,559,439633,2750,198414000000.0,2.0400508140749167,26.013621593828795,0,Best
105,Bones,13,6.651,6195,2738,71439,389,3062730627.0,2.0348363582497146,21.84257271708386,2,Good
106,Signal.MD,13,6.581,6592,1832,129490,597,3730337303.0,2.0256451170741667,22.039764496540396,2,Good
107,Studio Deen,24,6.571,6673,533,451468,1582,215880000000.0,2.0243251591211697,26.097988534701486,0,Best
108,Bandai Namco Pictures,24,6.551,6783,9406,4256,27,12641264.0,2.0216800048212886,16.35247702078933,3,Medium
109,Nippon Animation,12,6.541,6840,3355,48798,135,1604716047.0,2.02035479922051,21.196212660742752,2,Good
110,ENGI,12,6.471,7255,988,263716,1146,121291000000.0,2.0110288589936642,25.521458453944238,0,Best
111,Signal.MD,12,6.421,7572,2846,66488,208,2404924049.0,2.0043138189879963,21.600784159963897,2,Good
112,Studio VOLN,24,6.331,8074,3597,43269,103,1430414304.0,1.9921119322414496,21.081229963032623,2,Good
113,LIDENFILMS,12,6.301,8273,2993,60795,184,2384023840.0,1.9880113250739486,21.592055586518974,2,Good
114,Pie in the sky,25,6.301,8271,13185,1333,2,153153.0,1.9880113250739486,11.939199230104634,1,Bad
115,Bridge,92,6.201,8864,5260,18794,88,49084908.0,1.9742199052667297,17.709062193180177,3,Medium
116,Shin-Ei Animation,12,6.151,9116,2657,74656,329,2322823228.0,1.9672522070662588,21.56604919184268,2,Good
117,Bakken Record,12,6.111,9310,2234,98823,382,3043330433.0,1.9616428809013808,21.836218290201263,2,Good
118,LIDENFILMS,13,6.101,9371,3556,44257,134,1602616026.0,1.9602356191999566,21.194903147882226,2,Good
119,Doga Kobo,12,6.071,9574,922,279689,1658,123521000000.0,1.9560019126221038,25.539677019053123,0,Best
120,W-Toon Studio,12,6.041,9715,7557,7524,22,16001600.0,1.9517502055369962,16.588199337698136,3,Medium
121,Fanworks,26,5.971,10049,11633,2166,16,323323.0,1.9417586865042618,12.686410195415444,1,Bad
122,Kinema Citrus,12,5.971,10046,5482,16842,68,56025602.0,1.9417586865042618,17.84131934064555,3,Medium
123,Bandai Namco Pictures,11,5.951,10191,5002,21343,86,80318031.0,1.9388855341183489,18.20150471161548,3,Medium
124,Studio Comet,12,5.911,10383,4575,26451,166,61316131.0,1.9331143451092572,17.931553531048127,3,Medium
125,OLM,51,5.891,10490,12206,1805,10,263263.0,1.9302162123750708,12.480912609968657,1,Bad
126,J.C.Staff,24,5.861,10643,4198,31502,106,71507150.0,1.9258532037087537,18.085308016649186,3,Medium
127,LIDENFILMS Osaka Studio,48,5.841,10723,9188,4582,3,937937.0,1.922933919778861,13.751439127722763,1,Bad
128,Kachidoki Studio,50,5.711,11323,12330,1729,6,227227.0,1.9037479711761023,12.333709197672398,1,Bad
129,NAZ,12,5.281,12732,7161,8656,44,40974097.0,1.8375292034722437,17.52845066892905,3,Medium
130,Seven,12,5.111,13076,7115,8831,13,27932793.0,1.8100904259127784,17.145311968721906,3,Medium
131,Pierrot,26,8.831,30,2033,113997,2347,4576645766.0,2.2855406583847873,22.244232201478198,2,Good
132,Brain's Base,20,8.341,244,199,922273,15100,390320000000.0,2.2344133128907115,26.690232752456556,0,Best
133,8bit,12,8.311,269,240,835843,10975,482445000000.0,2.2311964969063927,26.902132761592906,0,Best
134,Kyoto Animation,12,8.231,359,399,582231,5788,291186000000.0,2.2225673850080145,26.397228075193567,0,Best
135,TROYCA,13,8.231,365,4708,24625,391,83508350.0,2.2225673850080145,18.240457196796267,3,Medium
136,Bandai Namco Pictures,21,8.031,621,735,345236,2431,171851000000.0,2.2006631032686617,25.869893659259365,0,Best
137,Sunrise,12,7.921,789,2673,73961,1123,2865928659.0,2.1884080479316466,21.776158274207273,2,Good
138,Bones,12,7.901,817,404,576940,7877,234788000000.0,2.1861636299767944,26.181948816273206,0,Best
139,LIDENFILMS,24,7.871,877,105,1323564,25255,731285000000.0,2.18278752953845,27.3180690975963,0,Best
140,Madhouse,12,7.821,1000,755,339214,7654,121516000000.0,2.1771352422766297,25.523311778308038,0,Best
141,Toei Animation,100,7.731,1218,2613,76566,644,2596225962.0,2.1668799108286705,21.677324674758342,2,Good
142,PINE JAM,13,7.721,1237,2396,88045,511,2803028030.0,2.1657339102448487,21.75396610943582,2,Good
143,C2C,12,7.711,1269,477,500510,4451,266166000000.0,2.164586594836755,26.307386011237682,0,Best
144,Studio Blanc.,13,7.701,1307,1030,251243,2536,9728897288.0,2.1634379615838872,22.99836639568385,2,Good
145,MAPPA,11,7.611,1553,1278,199939,1630,8040080400.0,2.153040455714028,22.807704920211663,2,Good
146,J.C.Staff,12,7.591,1616,982,264981,1738,101770000000.0,2.1507151436559195,25.34598120216008,0,Best
147,P.A. Works,24,7.511,1903,1435,175827,1409,5331953319.0,2.141359444494824,22.39698348453588,2,Good
148,feel.,12,7.391,2421,697,361603,2456,167473000000.0,2.1271597028879325,25.844087981194498,0,Best
149,Toei Animation,46,7.391,2398,5864,14126,147,45434543.0,2.1271597028879325,17.631783254745603,3,Medium
150,Bones,25,7.361,2543,115,1259149,10226,647706000000.0,2.123578037167921,27.19670272664186,0,Best
151,SILVER LINK.,12,7.261,3070,1018,256322,1078,111912000000.0,2.1115456455803683,25.440978685129476,0,Best
152,J.C.Staff,25,7.261,3029,953,270775,1961,101148000000.0,2.1115456455803683,25.339850627759642,0,Best
153,J.C.Staff,13,7.251,3104,576,424570,2685,217128000000.0,2.1103344051222064,26.10375287834257,0,Best
154,SILVER LINK.,12,7.221,3239,1082,239767,863,107437000000.0,2.1066918561699963,25.40017046621943,0,Best
155,MAPPA,12,7.191,3411,1709,142296,873,5376153761.0,2.103035990533465,22.405239041320744,2,Good
156,TMS Entertainment,12,7.071,4079,588,417026,3393,213498000000.0,2.088277390342235,26.0868933018944,0,Best
157,J.C.Staff,12,7.031,4253,5166,19674,68,47014701.0,2.083309053206325,17.66597091927059,3,Medium
158,SILVER LINK.,20,7.011,4325,1006,258555,1443,8955889558.0,2.08081559723298,22.915577204097282,2,Good
159,Shaft,8,7.001,4392,2785,69348,448,2136221362.0,2.079566533867987,21.482304387037985,2,Good
160,Fanworks,12,6.941,4637,5151,19772,172,83778377.0,2.072039211913074,18.24368551306658,3,Medium
161,Bridge,52,6.901,4827,946,271882,1735,7711877118.0,2.066989333740596,22.766027460388084,2,Good
162,Maho Film,12,6.791,5398,1431,176078,636,8253682536.0,2.052969221348721,22.833925305821598,2,Good
163,None found,16,6.761,5557,11620,2176,18,218218.0,2.0491111918720017,12.2932544246672,1,Bad
164,SynergySP,12,6.751,5597,1171,222346,934,105227000000.0,2.0478218672993744,25.379385758321916,0,Best
165,Passione,15,6.731,5752,1958,118917,787,4876448764.0,2.0452382203383377,22.30768307981033,2,Good
166,Connect,13,6.681,6010,1731,139797,734,4463544635.0,2.0387497470165448,22.21920904875773,2,Good
167,Tezuka Productions,12,6.521,6940,625,397835,2517,193932000000.0,2.017699107844266,25.990773419106073,0,Best
168,asread.,10,6.501,7053,1217,211747,1285,8458784587.0,2.0150363449874993,22.858471334522594,2,Good
169,Shirogumi,12,6.501,7057,3453,46512,313,1047910479.0,2.0150363449874993,20.77006399934945,2,Good
170,EMT Squared,12,6.451,7371,1600,155721,623,6030760307.0,2.0083482515715905,22.520138927299325,2,Good
171,ENGI,12,6.411,7668,643,390257,3194,148784000000.0,2.0029653829692218,25.725761426688972,0,Best
172,PRA,13,6.401,7682,7390,7965,49,13381338.0,2.0016151262153294,16.40937168239563,3,Medium
173,Pie in the sky,25,6.301,8271,13185,1333,2,153153.0,1.9880113250739486,11.939199230104634,1,Bad
174,Asahi Production,12,6.241,8641,1330,192019,681,7298672986.0,1.9797593184066837,22.71095838597356,2,Good
175,Bridge,92,6.201,8864,5260,18794,88,49084908.0,1.9742199052667297,17.709062193180177,3,Medium
176,Bee Media,13,6.191,8906,8090,6380,26,23722372.0,1.972830244120357,16.98192916924843,3,Medium
177,Fanworks,26,5.971,10049,11633,2166,16,323323.0,1.9417586865042618,12.686410195415444,1,Bad
178,ILCA,13,5.911,10410,6012,13302,40,52665266.0,1.9331143451092572,17.77946672602062,3,Medium
179,OLM,51,5.891,10490,12206,1805,10,263263.0,1.9302162123750708,12.480912609968657,1,Bad
180,J.C.Staff,24,5.861,10643,4198,31502,106,71507150.0,1.9258532037087537,18.085308016649186,3,Medium
181,SANZIGEN,13,5.811,10897,4637,25511,107,66856685.0,1.9185389522591814,18.01806187146993,3,Medium
182,Sunrise,26,5.711,11301,2199,101733,501,2763427634.0,1.9037479711761023,21.739737642898714,2,Good
183,Kachidoki Studio,50,5.711,11323,12330,1729,6,227227.0,1.9037479711761023,12.333709197672398,1,Bad
184,A-1 Pictures,12,8.711,58,423,561012,16574,321749000000.0,2.273259263612217,26.497037575417817,0,Best
185,Studio Bind,12,8.641,80,165,1016877,18964,636951000000.0,2.2660248376822434,27.17995856648449,0,Best
186,Wit Studio,23,8.501,143,314,696160,13233,366943000000.0,2.2513970562246124,26.62847235958984,0,Best
187,ufotable,7,8.351,237,228,854437,4457,514158000000.0,2.2354832894533097,26.96579644816408,0,Best
188,Toei Animation,14,8.251,335,1849,128481,1216,4961749617.0,2.2247316537891817,22.325024261047673,2,Good
189,OLM,12,7.831,972,191,945170,12198,500669000000.0,2.178268258486665,26.93921104104625,0,Best
190,Seven Arcs,12,7.801,1026,482,495562,6421,227962000000.0,2.174865351391675,26.15244478534814,0,Best
191,SynergySP,12,7.791,1074,1575,158833,1205,6699966999.0,2.1737284708690416,22.625368437958066,2,Good
192,Toei Animation,100,7.731,1218,2613,76566,644,2596225962.0,2.1668799108286705,21.677324674758342,2,Good
193,OLM,12,7.691,1332,2126,106049,444,4584845848.0,2.162288007455323,22.246022321369914,2,Good
194,Doga Kobo,12,7.551,1780,718,355066,1731,164682000000.0,2.146048235173818,25.827282178546046,0,Best
195,P.A. Works,24,7.511,1903,1435,175827,1409,5331953319.0,2.141359444494824,22.39698348453588,2,Good
196,Passione,12,7.391,2410,449,525596,3379,240094000000.0,2.1271597028879325,26.20429635027787,0,Best
197,Toei Animation,46,7.391,2398,5864,14126,147,45434543.0,2.1271597028879325,17.631783254745603,3,Medium
198,SILVER LINK.,12,7.331,2656,396,586008,4327,320283000000.0,2.119983496992772,26.492470816914146,0,Best
199,Arvo Animation,12,7.321,2740,1548,162519,776,5651456514.0,2.118782439918293,22.455179139148047,2,Good
200,Studio Gokumi,12,7.301,2825,4597,26154,154,75127512.0,2.1163759894728984,18.134697401175316,3,Medium
201,Madhouse,12,7.271,2979,2267,96971,604,3542935429.0,2.1127554207097696,21.988221437995314,2,Good
202,Doga Kobo,13,7.261,3041,3432,46866,385,1671316713.0,2.1115456455803683,21.236877604207486,2,Good
203,TMS Entertainment,24,7.201,3380,4767,23963,144,63576357.0,2.1042560980542744,17.96775222964204,3,Medium
204,Madhouse,12,7.151,3608,436,541297,4780,224744000000.0,2.0981406191123204,26.138227813616982,0,Best
205,LIDENFILMS Kyoto Studio,12,7.121,3795,4234,30935,133,93029302.0,2.094453299300274,18.34842508750986,3,Medium
206,Sunrise,24,7.071,4072,3442,46606,323,1465614656.0,2.088277390342235,21.105540552516448,2,Good
207,Production I.G,12,7.071,4042,1218,211759,1251,7125971259.0,2.088277390342235,22.687011871003765,2,Good
208,Tatsunoko Production,51,7.031,4239,8331,5939,57,12421242.0,2.083309053206325,16.334918709977185,3,Medium
209,J.C.Staff,12,7.031,4253,5166,19674,68,47014701.0,2.083309053206325,17.66597091927059,3,Medium
210,SILVER LINK.,20,7.011,4325,1006,258555,1443,8955889558.0,2.08081559723298,22.915577204097282,2,Good
211,Studio Flad,13,6.931,4677,704,359952,2081,174143000000.0,2.0707791311011827,25.88314263772232,0,Best
212,Bridge,52,6.901,4827,946,271882,1735,7711877118.0,2.066989333740596,22.766027460388084,2,Good
213,Children's Playground Entertainment,12,6.871,5004,781,330263,1456,150859000000.0,2.063185119160313,25.73961146269422,0,Best
214,Nippon Animation,12,6.831,5207,5149,19814,46,77317731.0,2.0580902157688006,18.163433879230634,3,Medium
215,Zero-G,12,6.751,5610,3284,50888,356,1655816558.0,2.0478218672993744,21.22756011322291,2,Good
216,Toei Animation,67,6.741,5669,4694,24776,165,72627262.0,2.046530878222576,18.10085093271973,3,Medium
217,A-1 Pictures,12,6.721,5786,3617,42845,501,1011910119.0,2.0439438893266786,20.73510558963822,2,Good
218,Kinema Citrus,13,6.701,5917,7293,8287,45,26682668.0,2.041350190557113,17.09952481148954,3,Medium
219,Satelight,12,6.511,7044,2148,104922,274,3338833388.0,2.0163686127038747,21.92888729819036,2,Good
220,PRA,13,6.401,7682,7390,7965,49,13381338.0,2.0016151262153294,16.40937168239563,3,Medium
221,LIDENFILMS,12,6.391,7725,3024,59470,317,1588315883.0,2.0002630438027498,21.185940099384982,2,Good
222,Sunrise Beyond,13,6.321,8136,4000,34905,134,1122411224.0,1.9907469306645056,20.838745087593466,2,Good
223,Cyclone Graphics,10,6.321,8132,10238,3262,40,211211.0,1.9907469306645056,12.26061764738197,1,Bad
224,Lerche,12,6.301,8268,4881,22557,52,71947194.0,1.9880113250739486,18.09144300513117,3,Medium
225,Sola Digital Arts,13,6.291,8342,4547,26863,98,52225222.0,1.9866407108242934,17.771076135383428,3,Medium
226,OLM,13,6.291,8324,5495,16755,63,31363136.0,1.9866407108242934,17.26114378033138,3,Medium
227,C2C,12,6.241,8644,4418,28433,96,92729272.0,1.9797593184066837,18.345194762780185,3,Medium
228,Bridge,92,6.201,8864,5260,18794,88,49084908.0,1.9742199052667297,17.709062193180177,3,Medium
229,Hotline,12,6.171,9012,1160,224495,1003,108735000000.0,1.9700451149004379,25.412179566376558,0,Best
230,LIDENFILMS,12,6.171,8994,4028,34593,154,1097910979.0,1.9700451149004379,20.816675102065783,2,Good
231,Signal.MD,24,6.031,9800,615,402105,2557,141517000000.0,1.9503289432170243,25.67568568816313,0,Best
232,AQUA ARIS,12,6.011,9858,15915,634,2,134134.0,1.9474803442248305,11.806602034469678,1,Bad
233,Ascension,13,5.961,10133,14319,979,2,178178.0,1.9403231421865295,12.090543941956719,1,Bad
234,OLM,51,5.891,10490,12206,1805,10,263263.0,1.9302162123750708,12.480912609968657,1,Bad
235,Yumeta Company,12,5.841,10717,3544,44532,183,1349713497.0,1.922933919778861,21.02315818317041,2,Good
236,Sublimation,12,5.841,10744,5360,17848,50,34033403.0,1.922933919778861,17.34285307086032,3,Medium
237,Tatsunoko Production,12,5.841,10716,7846,6871,22,26772677.0,1.922933919778861,17.10289244784838,3,Medium
238,Sunrise,26,5.711,11301,2199,101733,501,2763427634.0,1.9037479711761023,21.739737642898714,2,Good
239,Kachidoki Studio,50,5.711,11323,12330,1729,6,227227.0,1.9037479711761023,12.333709197672398,1,Bad
240,SILVER LINK.,12,5.601,11794,3478,45861,243,1283112831.0,1.8872211527066338,20.972554862594603,2,Good
241,Imagineer,12,5.601,11777,13340,1275,7,144144.0,1.8872211527066338,11.878575016374095,1,Bad
242,EKACHI EPILKA,12,5.311,12641,3826,38607,211,1191911919.0,1.8422941426021024,20.898824510241926,2,Good
243,Gambit,13,4.671,13530,4655,25226,91,67006700.0,1.735365469031891,18.020303187279453,3,Medium
244,ufotable,11,8.721,54,77,1566872,24847,998409000000.0,2.274288493838932,27.62942884894502,0,Best
245,A-1 Pictures,12,8.711,58,423,561012,16575,321749000000.0,2.273259263612217,26.497037575417817,0,Best
246,Wit Studio,23,8.501,143,314,696160,13234,366943000000.0,2.2513970562246124,26.62847235958984,0,Best
247,Shin-Ei Animation,12,8.381,209,1286,198524,2345,8952189521.0,2.238686367143814,22.915163978643463,2,Good
248,Studio Deen,12,8.201,384,1211,213437,5278,9506395063.0,2.2193121738002244,22.975230573710807,2,Good
249,Bones,12,8.191,407,860,304277,2795,135783000000.0,2.2182247443759726,25.634323860147934,0,Best
250,CloverWorks,12,8.161,450,135,1158626,21390,702667000000.0,2.2149553430330715,27.278148932324168,0,Best
251,Science SARU,11,7.791,1071,2440,85979,816,2727327273.0,2.1737284708690416,21.726587946076855,2,Good
252,CygamesPictures,12,7.751,1163,1790,134461,837,4937049370.0,2.169167979553694,22.32003369637569,2,Good
253,Toei Animation,100,7.731,1218,2613,76566,644,2596325963.0,2.1668799108286705,21.677363191850294,2,Good
254,CloverWorks,12,7.651,1408,1283,198900,1177,7431574315.0,2.1576749211982373,22.729003559637786,2,Good
255,J.C.Staff,13,7.431,2235,935,274783,1414,141691000000.0,2.1319153889405387,25.67691446716579,0,Best
256,Yokohama Animation Laboratory,12,7.391,2396,850,307179,1655,143011000000.0,2.1271597028879325,25.686187387331806,0,Best
257,LIDENFILMS,12,7.351,2609,2506,82154,537,3028630286.0,2.122381292171092,21.831376303767012,2,Good
258,Connect,12,7.251,3116,2837,66772,294,2442924429.0,2.1103344051222064,21.616461695464814,2,Good
259,TMS Entertainment,24,7.201,3380,4767,23963,144,63576357.0,2.1042560980542744,17.96775222964204,3,Medium
260,Madhouse,13,7.171,3514,3130,55517,166,2351623516.0,2.1005913004025705,21.578371784867613,2,Good
261,asread.,12,7.151,3641,575,424659,4301,181011000000.0,2.0981406191123204,25.92182363985179,0,Best
262,OZ,12,7.141,3727,985,264261,1433,106820000000.0,2.0969130225918406,25.394411011867398,0,Best
263,OLM,12,7.131,3763,1338,190993,826,8685886858.0,2.0956839172257005,22.88496534530071,2,Good
264,Sunrise,24,7.071,4072,3442,46606,323,1465614656.0,2.088277390342235,21.105540552516448,2,Good
265,Tatsunoko Production,51,7.031,4239,8331,5939,57,12421242.0,2.083309053206325,16.334918709977185,3,Medium
266,Maho Film,12,6.951,4587,1437,175179,936,8628286282.0,2.0732977069193463,22.87831174561363,2,Good
267,Platinum Vision,12,6.901,4844,1392,182456,991,6652366523.0,2.066989333740596,22.618238496578755,2,Good
268,Bridge,52,6.901,4827,946,271882,1735,7711877118.0,2.066989333740596,22.766027460388084,2,Good
269,Toei Animation,45,6.861,5031,6465,11064,121,34183418.0,2.0619138248116196,17.347251259906002,3,Medium
270,Yumeta Company,24,6.781,5425,4539,26904,148,78767876.0,2.051684864634793,18.18201581943106,3,Medium
271,Toei Animation,67,6.741,5670,4694,24779,165,72627262.0,2.046530878222576,18.10085093271973,3,Medium
272,Quad,12,6.701,5888,2981,61385,177,2002220022.0,2.041350190557113,21.417522413399105,2,Good
273,LIDENFILMS,13,6.661,6159,5918,13845,74,30123012.0,2.036142523534684,17.22079998909351,3,Medium
274,Telecom Animation Film,13,6.641,6225,4797,23508,153,74607460.0,2.0335284846654296,18.12775107357781,3,Medium
275,A.C.G.T.,12,6.611,6443,1929,121289,519,4293342933.0,2.0295945692852544,22.180331505132134,2,Good
276,J.C.Staff,24,6.381,7803,2936,62826,396,1353613536.0,1.9989091307879152,21.026043547504997,2,Good
277,CloverWorks,12,6.341,8016,2747,70825,208,2200922009.0,1.9934750731286444,21.512142204969255,2,Good
278,Studio A-CAT,12,6.331,8110,1788,134492,645,5476954769.0,1.9921119322414496,22.423815084543364,2,Good
279,Sola Digital Arts,13,6.291,8342,4547,26863,98,52225222.0,1.9866407108242934,17.771076135383428,3,Medium
280,J.C.Staff,12,6.231,8690,942,273612,1203,131208000000.0,1.9783773391928148,25.60004968721484,0,Best
281,Bridge,92,6.201,8864,5260,18794,88,49084908.0,1.9742199052667297,17.709062193180177,3,Medium
282,ILCA,13,6.181,8947,6488,10974,35,42474247.0,1.9714386491281806,17.564408520833464,3,Medium
283,LIDENFILMS,12,6.061,9628,3374,48127,228,1334813348.0,1.9545866845342097,21.01205730554066,2,Good
284,Signal.MD,24,6.031,9800,615,402105,2557,141517000000.0,1.9503289432170243,25.67568568816313,0,Best
285,OLM,50,5.941,10220,12725,1521,11,178178.0,1.9374458563574466,12.090543941956719,1,Bad
286,OLM,51,5.891,10490,12205,1805,10,263263.0,1.9302162123750708,12.480912609968657,1,Bad
287,Asahi Production,12,5.861,10646,3164,54369,291,1538215382.0,1.9258532037087537,21.15388873918733,2,Good
288,Space Neko Company,12,5.841,10718,11074,2555,11,232232.0,1.922933919778861,12.355496457011048,1,Bad
289,Akatsuki,8,5.731,11234,6454,11111,46,32863286.0,1.9067237210285761,17.307866696002822,3,Medium
290,Lapin Track,24,5.721,11280,7051,8998,31,37383738.0,1.9052369529878288,17.436746381741624,3,Medium
291,Kachidoki Studio,50,5.711,11323,12330,1729,6,227227.0,1.9037479711761023,12.333709197672398,1,Bad
292,Diomedéa,12,5.461,12225,4061,33995,230,1102611026.0,1.8657841045760284,20.820946864976797,2,Good
293,Geek Toys,12,5.311,12650,4896,22373,102,47224722.0,1.8422941426021024,17.670428105797324,3,Medium
294,Kigumi,12,3.821,13773,7831,6905,22,20082008.0,1.5729813754234852,16.815334897583952,3,Medium
295,A-1 Pictures,13,8.991,13,168,1008204,32125,571839000000.0,2.3016846877508814,27.072123320176786,0,Best
296,Pierrot,26,8.731,49,2690,73407,1109,3212732127.0,2.275316665839852,21.890387542300473,2,Good
297,Wit Studio,12,8.471,153,61,1706259,40064,10474400000000.0,2.2482344982439644,29.979955300860052,0,Best
298,OLM,25,8.471,154,389,596940,10140,251268000000.0,2.2482344982439644,26.24978593554857,0,Best
299,Production I.G,24,8.161,446,1123,232059,3246,117167000000.0,2.2149553430330715,25.486866104483724,0,Best
300,P.A. Works,12,8.121,492,823,313648,2611,151816000000.0,2.2105794471980214,25.745935098204676,0,Best
301,Ajia-do,10,8.071,566,1451,173724,971,8404684046.0,2.205082511632807,22.852055012023687,2,Good
302,OLM,12,8.011,657,456,517991,3941,258331000000.0,2.1984460532529,26.277507545336665,0,Best
303,J.C.Staff,12,7.851,923,2709,72661,341,2642926429.0,2.1805304469867397,21.69515263638848,2,Good
304,MAPPA,11,7.821,988,2387,88754,638,3551635516.0,2.1771352422766297,21.990674043354005,2,Good
305,Geek Toys,12,7.751,1169,948,271439,3431,9650996509.0,2.169167979553694,22.990327012250788,2,Good
306,Toei Animation,100,7.731,1218,2613,76566,644,2596325963.0,2.1668799108286705,21.677363191850294,2,Good
307,Okuruto Noboru,12,7.721,1231,554,440676,4270,228441000000.0,2.1657339102448487,26.154543808254942,0,Best
308,Sunrise,13,7.661,1388,3684,41460,444,1656316563.0,2.1588301893489077,21.227862036476132,2,Good
309,Encourage Films,12,7.551,1770,2173,102961,461,4510045100.0,2.146048235173818,22.229572990632725,2,Good
310,Bandai Namco Pictures,13,7.481,2044,2781,69397,428,2658526585.0,2.137828367379563,21.701037891234815,2,Good
311,Project No.9,12,7.391,2405,1015,256821,1056,108323000000.0,2.1271597028879325,25.408383341452485,0,Best
312,LIDENFILMS Kyoto Studio,12,7.351,2596,5852,14233,58,58845884.0,2.122381292171092,17.890432465691386,3,Medium
313,ENGI,12,7.321,2760,740,343246,2241,178288000000.0,2.118782439918293,25.906666057256718,0,Best
314,Studio 3Hz,12,7.311,2791,3989,35135,174,1190711907.0,2.117579938570889,20.897817207211236,2,Good
315,Zero-G,12,7.301,2841,1561,160844,528,5482654826.0,2.1163759894728984,22.42485527807645,2,Good
316,Felix Film,12,7.281,2921,706,359552,2292,154216000000.0,2.1139637340515627,25.761620054048187,0,Best
317,Lay-duce,12,7.271,3014,2725,72268,422,2637526375.0,2.1127554207097696,21.69310733607774,2,Good
318,Studio Kai,12,7.151,3654,752,340258,1778,171429000000.0,2.0981406191123204,25.8674350236699,0,Best
319,Project No.9,12,7.101,3922,3750,40168,149,1357713577.0,2.091987510848354,21.029067929257042,2,Good
320,CloverWorks,13,7.101,3891,2915,63535,274,2416024160.0,2.091987510848354,21.605389117382884,2,Good
321,Tatsunoko Production,51,7.031,4239,8331,5939,57,12421242.0,2.083309053206325,16.334918709977185,3,Medium
322,EMT Squared,12,7.011,4377,784,328507,1728,153018000000.0,2.08081559723298,25.753821398484334,0,Best
323,TMS Entertainment,6,6.961,4573,5677,15346,62,64486448.0,2.0745546201064413,17.981965666670114,3,Medium
324,Doga Kobo,12,6.931,4696,406,574771,5072,246644000000.0,2.0707791311011827,26.23121183836636,0,Best
325,SynergySP,24,6.871,4988,868,302936,2268,116028000000.0,2.063185119160313,25.47709737824444,0,Best
326,Toei Animation,45,6.861,5031,6465,11064,121,34183418.0,2.0619138248116196,17.347251259906002,3,Medium
327,Yumeta Company,24,6.781,5425,4539,26904,148,78767876.0,2.051684864634793,18.18201581943106,3,Medium
328,J.C.Staff,12,6.761,5528,1436,175400,737,6030060300.0,2.0491111918720017,22.520022847801343,2,Good
329,Zexcs,50,6.741,5681,7853,6857,36,15791579.0,2.046530878222576,16.574987444557046,3,Medium
330,Toei Animation,67,6.741,5670,4694,24779,165,72627262.0,2.046530878222576,18.10085093271973,3,Medium
331,Doga Kobo,12,6.701,5912,3317,50051,123,1680916809.0,2.041350190557113,21.242605201748535,2,Good
332,LIDENFILMS,12,6.641,6268,4964,21706,79,57215721.0,2.0335284846654296,17.862339278722757,3,Medium
333,Telecom Animation Film,13,6.641,6225,4797,23509,153,74607460.0,2.0335284846654296,18.12775107357781,3,Medium
334,Sunrise,9,6.601,6499,11258,2424,13,282282.0,2.028279817583903,12.550665392803793,1,Bad
335,Sunrise Beyond,12,6.541,6845,5736,15021,75,53665366.0,2.02035479922051,17.798278416596077,3,Medium
336,Nippon Animation,24,6.531,6873,3662,41856,268,1268312683.0,2.0190278351192146,20.960953258776108,2,Good
337,Kinema Citrus,13,6.521,6925,253,809874,12305,295132000000.0,2.017699107844266,26.410688550837428,0,Best
338,Polygon Pictures,12,6.471,7280,6146,12550,44,35983598.0,2.0110288589936642,17.398573809277433,3,Medium
339,Wit Studio,60,6.471,7264,5613,15824,38,45214521.0,2.0110288589936642,17.62692887638791,3,Medium
340,Tezuka Productions,12,6.391,7759,1467,171659,758,5804258042.0,2.0002630438027498,22.48185763049074,2,Good
341,J.C.Staff,24,6.381,7803,2936,62826,396,1353613536.0,1.9989091307879152,21.026043547504997,2,Good
342,Jumondo,12,6.341,8024,2883,64997,170,2326623266.0,1.9934750731286444,21.56768381172675,2,Good
343,Saetta,10,6.301,8285,6784,9905,19,35553555.0,1.9880113250739486,17.38655073734044,3,Medium
344,SILVER LINK.,12,6.291,8369,836,311235,1519,144784000000.0,1.9866407108242934,25.698508813562096,0,Best
345,Lay-duce,13,6.151,9108,4604,25994,130,72777277.0,1.9672522070662588,18.102914349064154,3,Medium
346,Scooter Films,11,6.091,9462,7101,8866,17,39203920.0,1.9588263743218597,17.484287325268678,3,Medium
347,None found,26,6.001,9935,9410,4256,31,213213.0,1.9460529959950605,12.270051635159183,1,Bad
348,Bibury Animation Studios,12,5.951,10187,3552,44366,349,93939393.0,1.9388855341183489,18.35816038761619,3,Medium
349,Arms,3,5.831,10759,4384,28860,133,60346034.0,1.9214710757497122,17.91560580326662,3,Medium
350,Lapin Track,24,5.721,11280,7051,8998,31,37383738.0,1.9052369529878288,17.436746381741624,3,Medium
351,Studio Kingyoiro,10,5.551,11967,14377,958,4,233233.0,1.8796177097497393,12.359797520429666,1,Bad
352,Pierrot,26,8.731,49,2690,73407,1109,3212732127.0,2.275316665839852,21.890387542300473,2,Good
353,Kinema Citrus,12,8.611,93,489,487733,6505,228165000000.0,2.262908275841147,26.15333488838261,0,Best
354,OLM,25,8.471,154,389,596940,10140,251268000000.0,2.2482344982439644,26.24978593554857,0,Best
355,Production I.G,24,8.161,446,1123,232059,3246,117167000000.0,2.2149553430330715,25.486866104483724,0,Best
356,A-1 Pictures,13,8.151,457,437,540013,9077,262355000000.0,2.213863162933241,26.292964385410958,0,Best
357,Lerche,13,8.081,547,300,713259,8365,407758000000.0,2.2061843187076913,26.733939698122633,0,Best
358,Madhouse,13,8.071,574,400,580256,7313,290845000000.0,2.205082511632807,26.396056316166934,0,Best
359,CloverWorks,12,8.011,650,1831,129504,703,5371553715.0,2.1984460532529,22.404383036207037,2,Good
360,LIDENFILMS,13,7.951,737,343,656878,8763,289627000000.0,2.191765257888802,26.391859725159787,0,Best
361,Atelier Pontdarc,13,7.771,1106,646,389320,2168,178230000000.0,2.1714508249692446,25.906340687987782,0,Best
362,feel.,12,7.751,1155,1072,241733,1162,100683000000.0,2.169167979553694,25.335242804157357,0,Best
363,J.C.Staff,11,7.741,1179,672,374080,2119,159844000000.0,2.168024599598351,25.797464176564816,0,Best
364,Toei Animation,100,7.731,1218,2612,76566,644,2596325963.0,2.1668799108286705,21.677363191850294,2,Good
365,Sunrise,12,7.671,1360,3941,35987,313,1579415794.0,2.1599841243950233,21.180320865610902,2,Good
366,White Fox,28,7.521,1897,3755,40004,189,80988098.0,2.142533704845819,18.209812775916117,3,Medium
367,Studio Kai,12,7.491,2008,4479,27668,124,80028002.0,2.1390067790172265,18.197887168889324,3,Medium
368,Nomad,12,7.421,2259,3593,43308,148,1444314443.0,2.130728586047855,21.090900612713767,2,Good
369,Studio Kai,12,7.321,2726,2711,72640,459,1949019490.0,2.118782439918293,21.390592257934912,2,Good
370,Diomedéa,12,7.271,3020,1059,244297,928,122871000000.0,2.1127554207097696,25.534400861484073,0,Best
371,Studio PuYUKAI,30,7.181,3456,5717,15146,107,46754675.0,2.101814392531561,17.66042483008754,3,Medium
372,Bibury Animation Studios,12,7.071,4052,3931,36264,194,1037210372.0,2.088277390342235,20.759800612542907,2,Good
373,Satelight,12,7.041,4177,987,263723,1128,131916000000.0,2.084553453566012,25.60543119333872,0,Best
374,A.C.G.T.,12,7.041,4189,3004,60057,264,2191121911.0,2.084553453566012,21.507679538184295,2,Good
375,Tatsunoko Production,51,7.031,4239,8331,5939,57,12421242.0,2.083309053206325,16.334918709977185,3,Medium
376,SILVER LINK.,12,7.021,4303,1446,174341,676,5529355293.0,2.0820631023847875,22.433337062320813,2,Good
377,Shin-Ei Animation,12,6.911,4798,9492,4142,24,13091309.0,2.068254196039259,16.38745920927297,3,Medium
378,SynergySP,24,6.871,4988,868,302936,2268,116028000000.0,2.063185119160313,25.47709737824444,0,Best
379,Kinema Citrus,13,6.861,5028,7711,7178,40,21202120.0,2.0619138248116196,16.869611781807667,3,Medium
380,Toei Animation,45,6.861,5031,6465,11064,121,34183418.0,2.0619138248116196,17.347251259906002,3,Medium
381,Staple Entertainment,12,6.801,5320,844,308375,2088,125189000000.0,2.054251930606176,25.553090432335612,0,Best
382,A-1 Pictures,13,6.791,5409,1021,255029,1245,9761097610.0,2.052969221348721,23.001670691191688,2,Good
383,TMS Entertainment,12,6.781,5452,546,445201,4883,178728000000.0,2.051684864634793,25.90913093402846,0,Best
384,M.S.C,13,6.771,5515,5483,16834,128,54005400.0,2.050398856227105,17.80459461804555,3,Medium
385,Studio Gokumi,10,6.751,5627,4607,25936,53,88308830.0,2.0478218672993744,18.296350671898416,3,Medium
386,Toei Animation,67,6.741,5669,4694,24779,165,72627262.0,2.046530878222576,18.10085093271973,3,Medium
387,Zexcs,50,6.741,5680,7853,6857,36,15791579.0,2.046530878222576,16.574987444557046,3,Medium
388,Project No.9,12,6.731,5722,825,313333,1577,144578000000.0,2.0452382203383377,25.697084991257853,0,Best
389,Shaft,12,6.681,6020,4660,25193,70,57695769.0,2.0387497470165448,17.870694418565698,3,Medium
390,Studio 3Hz,12,6.651,6198,476,501249,4750,161654000000.0,2.0348363582497146,25.808724085636946,0,Best
391,Drive,12,6.611,6425,5073,20631,41,66076607.0,2.0295945692852544,18.00632535414035,3,Medium
392,Yumeta Company,12,6.611,6426,3459,46419,343,1147411474.0,2.0295945692852544,20.860774350953573,2,Good
393,SILVER LINK.,11,6.571,6683,1768,136228,519,4328943289.0,2.0243251591211697,22.18858930529735,2,Good
394,Nippon Animation,24,6.531,6872,3662,41856,268,1268312683.0,2.0190278351192146,20.960953258776108,2,Good
395,Seven Arcs,12,6.531,6900,6061,12961,33,46564656.0,2.0190278351192146,17.656352377863307,3,Medium
396,Shaft,12,6.341,8040,2035,113879,665,3645836458.0,1.9934750731286444,22.016851657287383,2,Good
397,Revoroot,12,6.331,8095,1131,230054,1406,9347793477.0,1.9921119322414496,22.95840616073884,2,Good
398,Studio Sota,12,6.161,9057,14395,957,2,190190.0,1.9686496360248027,12.155784109361878,1,Bad
399,Gaina,12,6.131,9249,8635,5462,13,23392339.0,1.9644514770461665,16.96791917630973,3,Medium
400,Science SARU,12,6.031,9789,5123,20119,43,69346934.0,1.9503289432170243,18.05463250764173,3,Medium
401,Geno Studio,12,5.991,9966,3855,37864,144,1067110671.0,1.944623607529848,20.788220526473904,2,Good
402,LIDENFILMS,12,5.801,10936,4267,30446,49,85388538.0,1.9170696601935016,18.262722446005597,3,Medium
403,Lapin Track,24,5.721,11280,7051,8998,31,37383738.0,1.9052369529878288,17.436746381741624,3,Medium
404,NAZ,24,5.631,11688,2973,61577,172,1723317233.0,1.8917556223867307,21.267516894782084,2,Good
405,None found,10,5.511,12067,8696,5372,51,269269.0,1.873493054254725,12.503469872668525,1,Bad
406,Magic Bus,13,5.281,12725,5410,17490,77,56885688.0,1.8375292034722437,17.856554356038707,3,Medium
407,A-Real,12,4.661,13536,6561,10663,14,19771977.0,1.7336005550545228,16.799776240723762,3,Medium
408,ILCA,13,4.641,13550,7277,8337,68,492492.0,1.730061354757839,13.107235526295302,1,Bad
409,CloverWorks,12,8.761,42,336,668923,32085,403108000000.0,2.278394854192828,26.72247035306709,0,Best
410,Bones,12,8.711,57,277,760243,11403,380680000000.0,2.273259263612217,26.665224964153182,0,Best
411,MAPPA,12,8.461,158,62,1693354,49930,956206000000.0,2.2471780857223074,27.58623920795767,0,Best
412,TROYCA,17,8.341,245,5615,15810,262,52145214.0,2.2344133128907115,17.769542980647177,3,Medium
413,Nexus,20,8.261,325,287,749738,16637,400533000000.0,2.225812034188132,26.71606199706662,0,Best
414,Bones,25,8.241,346,293,722368,7277,357725000000.0,2.223650104905903,26.603030371742005,0,Best
415,Wit Studio,13,8.231,355,166,1016797,7530,542905000000.0,2.2225673850080145,27.020200187616474,0,Best
416,8bit,24,8.201,396,265,785553,13619,423829000000.0,2.2193121738002244,26.772595908945856,0,Best
417,Brain's Base,13,8.121,495,2117,106764,618,3923539235.0,2.2105794471980214,22.090259949736673,2,Good
418,Drive,20,8.091,537,875,301816,1632,113327000000.0,2.207284913139721,25.453543281982913,0,Best
419,Studio 4°C,13,7.901,826,3413,47300,360,2040320403.0,2.1861636299767944,21.436372693254096,2,Good
420,Pierrot,24,7.861,897,2192,102329,1089,3056330563.0,2.1816596250651656,21.840480871249024,2,Good
421,Sunrise,12,7.851,921,1486,170210,1711,8497884978.0,2.1805304469867397,22.863083143480356,2,Good
422,Bandai Namco Pictures,21,7.821,981,1213,213315,1299,9212192121.0,2.1771352422766297,22.943793674310474,2,Good
423,Atelier Pontdarc,13,7.771,1106,646,389320,2168,178230000000.0,2.1714508249692446,25.906340687987782,0,Best
424,8bit,12,7.641,1461,4550,26816,112,74727472.0,2.156518316859262,18.129358360267155,3,Medium
425,studio MOTHER,12,7.591,1608,705,359574,4085,191665000000.0,2.1507151436559195,25.97901489339089,0,Best
426,P.A. Works,12,7.581,1644,1442,174638,1146,7126971269.0,2.1495504568249837,22.68715219430887,2,Good
427,Bandai Namco Pictures,13,7.541,1803,2121,106641,727,3848538485.0,2.1448780969640104,22.070959299148484,2,Good
428,Kamikaze Douga,11,7.521,1877,3417,47251,148,1676616766.0,2.142533704845819,21.240043770714472,2,Good
429,White Fox,28,7.521,1897,3755,40004,189,80988098.0,2.142533704845819,18.209812775916117,3,Medium
430,C2C,12,7.511,1905,855,305790,1788,149814000000.0,2.141359444494824,25.73266036161321,0,Best
431,PINE JAM,12,7.451,2172,2010,115535,631,4375643756.0,2.1342847775623452,22.199319490388447,2,Good
432,TMS Entertainment,25,7.411,2331,4466,27815,148,95309530.0,2.1295403729803004,18.372640374116894,3,Medium
433,David Production,23,7.411,2328,1333,191595,1235,5155751557.0,2.1295403729803004,22.363378735835262,2,Good
434,ENGI,13,7.251,3122,1107,234798,928,8890988909.0,2.1103344051222064,22.908304118755876,2,Good
435,Maho Film,12,7.211,3321,1314,194839,1092,9347493474.0,2.1054747187266516,22.958374066767693,2,Good
436,Studio PuYUKAI,30,7.181,3456,5717,15146,107,46754675.0,2.101814392531561,17.66042483008754,3,Medium
437,Studio Flad,11,7.141,3668,3761,39835,131,1546915469.0,2.0969130225918406,21.15952876580334,2,Good
438,Yostar Pictures,8,7.081,3982,2034,113890,1081,3942939429.0,2.0895156272513105,22.095192330323965,2,Good
439,EMT Squared,13,6.921,4758,1185,218650,1082,107316000000.0,2.0695174604821425,25.399043590107773,0,Best
440,Madhouse,12,6.871,4999,2544,80359,475,2861928619.0,2.063185119160313,21.774761577168672,2,Good
441,TMS Entertainment,12,6.871,4996,5842,14301,41,62066206.0,2.063185119160313,17.94371222809667,3,Medium
442,Toei Animation,45,6.861,5031,6465,11064,121,34183418.0,2.0619138248116196,17.347251259906002,3,Medium
443,Toei Animation,67,6.741,5669,4694,24779,165,72627262.0,2.046530878222576,18.10085093271973,3,Medium
444,Zexcs,50,6.741,5680,7853,6857,36,15791579.0,2.046530878222576,16.574987444557046,3,Medium
445,LIDENFILMS,13,6.731,5710,4565,26612,58,77337733.0,2.0452382203383377,18.16369254451585,3,Medium
446,Passione,12,6.701,5911,1544,162665,821,6190661906.0,2.041350190557113,22.546307849590107,2,Good
447,DLE,12,6.701,5931,6728,10104,25,38623862.0,2.041350190557113,17.469380855855707,3,Medium
448,ENGI,12,6.621,6405,2635,75567,225,3072530725.0,2.0309075946839803,21.84576739967993,2,Good
449,TNK,12,6.551,6801,1944,119885,511,4341743417.0,2.0216800048212886,22.191541813611767,2,Good
450,LIDENFILMS,24,6.551,6798,5804,14592,71,23692369.0,2.0216800048212886,16.980663613342983,3,Medium
451,OLM,15,6.551,6765,9038,4795,16,13681368.0,2.0216800048212886,16.431545538251115,3,Medium
452,Yumeta Company,12,6.521,6952,5210,19311,65,61196119.0,2.017699107844266,17.92959434677996,3,Medium
453,ENGI,8,6.261,8492,3183,53781,224,59635963.0,1.9825175603981098,17.903769372868027,3,Medium
454,LIDENFILMS,16,6.091,9482,8580,5555,18,13341334.0,1.9588263743218597,16.406377668407107,3,Medium
455,TROYCA,12,6.061,9615,1406,179556,710,6347963479.0,1.9545866845342097,22.571399886600958,2,Good
456,Studio A-CAT,12,5.961,10097,1619,153165,472,5961259612.0,1.9403231421865295,22.50854764015666,2,Good
457,NAZ,24,5.631,11688,2973,61577,172,1723317233.0,1.8917556223867307,21.267516894782084,2,Good
458,Graphinica,12,5.471,12191,4991,21462,70,58325832.0,1.867330656075129,17.881555657810072,3,Medium
459,PRA,13,5.441,12281,7704,7194,31,12431243.0,1.8626838075647536,16.335723538929702,3,Medium
460,Akatsuki,4,5.421,12356,4104,33355,164,1121211212.0,1.8595738688119114,20.8376753780968,2,Good
461,EKACHI EPILKA,12,5.011,13193,4890,22458,71,72077207.0,1.793591124057025,18.093248435774967,3,Medium
462,MAPPA,24,8.811,32,298,715626,17161,388818000000.0,2.283504205181254,26.68637720475992,0,Best
463,Bones,13,8.431,176,798,322579,3345,128423000000.0,2.2440021355617477,25.57859533989446,0,Best
464,TROYCA,17,8.341,245,5615,15810,262,52145214.0,2.2344133128907115,17.769542980647177,3,Medium
465,Nexus,20,8.261,325,287,749894,16638,400533000000.0,2.225812034188132,26.71606199706662,0,Best
466,J.C.Staff,11,8.251,329,1009,257455,1751,134792000000.0,2.2247316537891817,25.626998686489912,0,Best
467,Bones,25,8.241,346,293,722368,7278,357725000000.0,2.223650104905903,26.603030371742005,0,Best
468,8bit,24,8.201,396,265,785553,13619,423829000000.0,2.2193121738002244,26.772595908945856,0,Best
469,Brain's Base,13,8.121,495,2117,106764,618,3923539235.0,2.2105794471980214,22.090259949736673,2,Good
470,P.A. Works,12,8.111,514,832,311852,3315,139708000000.0,2.2094824747317214,25.66282036714595,0,Best
471,Kyoto Animation,13,8.091,542,2966,61826,455,1872218722.0,2.207284913139721,21.350390047386043,2,Good
472,Drive,20,8.091,537,875,301816,1632,113327000000.0,2.207284913139721,25.453543281982913,0,Best
473,Pierrot,24,7.861,897,2192,102329,1089,3056330563.0,2.1816596250651656,21.840480871249024,2,Good
474,Project No.9,12,7.831,977,688,364620,6033,195546000000.0,2.178268258486665,25.99906148281727,0,Best
475,Orange,12,7.831,967,1245,206544,2390,7830278302.0,2.178268258486665,22.781263889484784,2,Good
476,Bandai Namco Pictures,21,7.821,981,1213,213315,1299,9212192121.0,2.1771352422766297,22.943793674310474,2,Good
477,Atelier Pontdarc,13,7.771,1106,646,389320,2168,178230000000.0,2.1714508249692446,25.906340687987782,0,Best
478,Lay-duce,13,7.751,1150,539,448303,3063,233486000000.0,2.169167979553694,26.176387955088696,0,Best
479,Studio Bind,12,7.651,1435,1507,167368,2384,7961979619.0,2.1576749211982373,22.797943501862882,2,Good
480,MAPPA,12,7.651,1424,947,271678,2043,144502000000.0,2.1576749211982373,25.696559185240485,0,Best
481,LIDENFILMS,13,7.641,1459,641,390353,2546,171280000000.0,2.156518316859262,25.86656548123368,0,Best
482,Toei Animation,50,7.611,1554,6384,11386,157,38543854.0,2.153040455714028,17.467307241895302,3,Medium
483,Zero-G,12,7.551,1778,1048,245801,1937,123935000000.0,2.146048235173818,25.54302307157366,0,Best
484,PINE JAM,12,7.551,1749,1144,226739,1642,8923489234.0,2.146048235173818,22.9119528768944,2,Good
485,A-1 Pictures,12,7.531,1864,827,313008,2298,8577785777.0,2.1437065879265575,22.872441649308882,2,Good
486,Diomedéa,12,7.471,2080,1236,208180,1638,9913299132.0,2.136648565449414,23.017143039371607,2,Good
487,J.C.Staff,12,7.471,2077,1822,130878,982,5394253942.0,2.136648565449414,22.408600139347026,2,Good
488,OLM,12,7.461,2127,849,307294,2060,129855000000.0,2.135467369942364,25.58968428028996,0,Best
489,Madhouse,12,7.451,2155,3932,36230,122,1324413244.0,2.1342847775623452,21.004235364342417,2,Good
490,David Production,23,7.411,2328,1333,191595,1235,5155751557.0,2.1295403729803004,22.363378735835262,2,Good
491,TMS Entertainment,25,7.411,2331,4466,27815,148,95309530.0,2.1295403729803004,18.372640374116894,3,Medium
492,C2C,12,7.391,2420,1292,197644,768,9119691196.0,2.1271597028879325,22.933701780481318,2,Good
493,SANZIGEN,12,7.371,2495,5698,15258,135,58205820.0,2.1247733516779195,17.879495924882413,3,Medium
494,Brain's Base,12,7.361,2531,1457,172777,591,5091450914.0,2.123578037167921,22.35082867895209,2,Good
495,Zero-G,12,7.321,2747,1117,232679,1241,9487694876.0,2.118782439918293,22.973261519852464,2,Good
496,Bandai Namco Pictures,12,7.251,3087,2656,74703,256,2604126041.0,2.1103344051222064,21.680362963347143,2,Good
497,Tezuka Productions,12,7.231,3203,2198,101869,473,3850438504.0,2.107907513990507,22.071452876162883,2,Good
498,SILVER LINK.,12,7.211,3303,1028,252147,1340,8862388623.0,2.1054747187266516,22.905082161617088,2,Good
499,Studio Hibari,12,7.161,3589,1841,128830,625,4297342973.0,2.099366710487106,22.18126275563574,2,Good
500,Studio Blanc.,13,7.121,3819,1063,242849,979,125277000000.0,2.094453299300274,25.553793122550015,0,Best
501,Bakken Record,13,7.091,3946,4682,24981,53,84188418.0,2.0907523328257027,18.24856792818515,3,Medium
502,CloverWorks,12,7.051,4151,6468,11045,98,33073307.0,2.085796307317844,17.31423711019417,3,Medium
503,Encourage Films,12,7.011,4326,1515,166854,559,8090880908.0,2.08081559723298,22.81400345071681,2,Good
504,Felix Film,12,6.941,4643,2130,105648,314,5157551575.0,2.072039211913074,22.36372780305357,2,Good
505,SILVER LINK.,12,6.861,5014,668,375419,4010,114121000000.0,2.0619138248116196,25.460525125968005,0,Best
506,Gallop,28,6.821,5250,7143,8714,30,29302930.0,2.0568124236194745,17.193198103113907,3,Medium
507,Maho Film,12,6.811,5301,1847,128473,761,5279052790.0,2.0555329966281604,22.387012522927318,2,Good
508,Sunrise,12,6.801,5328,6016,13269,44,52175217.0,2.054251930606176,17.770118189165096,3,Medium
509,Toei Animation,67,6.741,5669,4694,24779,165,72627262.0,2.046530878222576,18.10085093271973,3,Medium
510,Zexcs,50,6.741,5680,7853,6857,36,15791579.0,2.046530878222576,16.574987444557046,3,Medium
511,Kinema Citrus,12,6.711,5842,8715,5331,20,14151415.0,2.0426478808508235,16.465325247718162,3,Medium
512,Polygon Pictures,11,6.681,6016,3246,51692,172,1541715417.0,2.0387497470165448,21.156161541229196,2,Good
513,Ajia-do,12,6.671,6092,2422,86847,279,2897028970.0,2.0374469849771595,21.786951556028807,2,Good
514,Ashi Productions,13,6.611,6442,3400,47443,127,1403714037.0,2.0295945692852544,21.06238744516695,2,Good
515,Studio Comet,12,6.561,6719,1541,162816,628,7430574305.0,2.023003456576133,22.728868988247477,2,Good
516,LIDENFILMS,24,6.551,6798,5804,14592,71,23692369.0,2.0216800048212886,16.980663613342983,3,Medium
517,OLM,15,6.551,6765,9038,4795,16,13681368.0,2.0216800048212886,16.431545538251115,3,Medium
518,Doga Kobo,12,6.531,6908,5576,16093,82,36443644.0,2.0190278351192146,17.41127765279599,3,Medium
519,Connect,12,6.431,7542,2550,80110,305,2095520955.0,2.0056604391753323,21.46306802575661,2,Good
520,feel.,12,6.401,7677,1588,157225,709,4530745307.0,2.0016151262153294,22.234152290060564,2,Good
521,Cloud Hearts,12,6.351,7993,1341,190323,808,9092990929.0,1.9948363583919506,22.930769726219108,2,Good
522,Signal.MD,10,6.331,8087,3405,47442,103,1355513555.0,1.9921119322414496,21.027446227590723,2,Good
523,Geek Toys,12,6.331,8122,1366,187793,699,7813178131.0,1.9921119322414496,22.77907764913795,2,Good
524,ENGI,8,6.261,8492,3183,53781,224,59635963.0,1.9825175603981098,17.903769372868027,3,Medium
525,Studio Deen,12,6.151,9132,5373,17747,60,35453545.0,1.9672522070662588,17.383733834148668,3,Medium
526,Asahi Production,12,6.041,9732,3443,46582,90,1453714537.0,1.9517502055369962,21.097387868034446,2,Good
527,Tatsunoko Production,12,5.641,11639,3798,39079,123,97959795.0,1.8932625545585766,18.400067707563426,3,Medium
528,Hotline,12,5.461,12231,1995,116625,588,4693646936.0,1.8657841045760284,22.269475715738977,2,Good
529,ILCA,13,5.251,12807,12066,1902,12,168168.0,1.8327414509496753,12.032724705135317,1,Bad
530,Gaina,6,5.161,12979,9099,4715,34,300300.0,1.8182391020324336,12.612540583969206,1,Bad
531,Quad,12,5.051,13159,1860,127883,669,5076450764.0,1.8002235476401844,22.34787818604727,2,Good
532,MAPPA,24,8.811,32,298,715626,17161,388818000000.0,2.283504205181254,26.68637720475992,0,Best
533,Doga Kobo,11,8.591,103,198,922442,30208,543513000000.0,2.260825158745814,27.021319462266696,0,Best
534,Shin-Ei Animation,12,8.231,363,683,369377,5473,188156000000.0,2.2225673850080145,25.96053724293262,0,Best
535,Production I.G,13,8.211,382,428,552208,6732,254645000000.0,2.2203984220060984,26.263136255295333,0,Best
536,ufotable,11,8.191,408,187,957084,9555,566255000000.0,2.2182247443759726,27.062310343728512,0,Best
537,TMS Entertainment,11,8.151,461,454,522103,3215,237635000000.0,2.213863162933241,26.194001719987895,0,Best
538,P.A. Works,12,8.121,499,870,302493,3513,140331000000.0,2.2105794471980214,25.667269754751192,0,Best
539,Brain's Base,13,8.121,495,2117,106775,618,3924339243.0,2.2105794471980214,22.090463828531384,2,Good
540,MAPPA,13,8.091,530,258,794047,8651,426563000000.0,2.207284913139721,26.77902590692262,0,Best
541,LIDENFILMS,13,8.071,572,1078,240522,2214,9221692216.0,2.205082511632807,22.944824395309517,2,Good
542,J.C.Staff,24,7.941,749,2401,87829,628,2758127581.0,2.1906474397531808,21.73781787413086,2,Good
543,Sunrise,12,7.911,794,2241,98634,803,5524455244.0,2.1872864686305826,22.43245048129906,2,Good
544,Madhouse,13,7.781,1083,508,471330,4763,244086000000.0,2.1725902963778583,26.220786459161015,0,Best
545,Studio Kafka,12,7.761,1123,1282,199021,1063,6612666126.0,2.1703100536842266,22.61225275699105,2,Good
546,CygamesPictures,12,7.691,1312,5470,16970,163,71957195.0,2.162288007455323,18.091582000195135,3,Medium
547,A-1 Pictures,12,7.621,1516,328,674737,4360,372385000000.0,2.154201087227788,26.643194102271174,0,Best
548,Toei Animation,50,7.611,1554,6384,11386,157,38543854.0,2.153040455714028,17.467307241895302,3,Medium
549,Seven Arcs,12,7.611,1567,967,268122,2479,9160891608.0,2.153040455714028,22.938209348122562,2,Good
550,Bandai Namco Pictures,12,7.561,1706,3927,36331,174,1599615996.0,2.1472170057603486,21.193029435512088,2,Good
551,PINE JAM,12,7.551,1749,1144,226739,1642,8923489234.0,2.146048235173818,22.9119528768944,2,Good
552,A-1 Pictures,12,7.531,1865,827,313008,2298,8577785777.0,2.1437065879265575,22.872441649308882,2,Good
553,Typhoon Graphics,12,7.531,1859,1499,168591,1532,7667576675.0,2.1437065879265575,22.7602664540331,2,Good
554,Studio Signpost,13,7.511,1917,2695,73072,297,3248232482.0,2.141359444494824,21.901376833962637,2,Good
555,Drive,12,7.501,1974,715,355873,1917,148051000000.0,2.140183803635222,25.720822645952794,0,Best
556,J.C.Staff,25,7.431,2233,2641,75284,307,2012220122.0,2.1319153889405387,21.422504488269187,2,Good
557,Wit Studio,10,7.341,2624,1651,149123,621,4178341783.0,2.121183113259475,22.15318030238352,2,Good
558,Lerche,12,7.311,2803,5584,16040,89,54355435.0,2.117579938570889,17.81105518492925,3,Medium
559,Tezuka Productions,12,7.311,2766,1693,143993,679,6343263432.0,2.117579938570889,22.57065921003011,2,Good
560,EMT Squared,12,7.281,2904,2418,87173,440,3368633686.0,2.1139637340515627,21.937773064975417,2,Good
561,Geek Toys,12,7.271,3007,1003,259566,1242,111687000000.0,2.1127554207097696,25.43896615308827,0,Best
562,C2C,12,7.261,3030,2777,69512,205,2499124991.0,2.1115456455803683,21.63920650435515,2,Good
563,Nippon Animation,24,7.161,3575,2927,63080,272,1698316983.0,2.099366710487106,21.252903588213815,2,Good
564,Asahi Production,12,7.151,3632,1558,161103,611,6188361883.0,2.0981406191123204,22.545936249524495,2,Good
565,Tezuka Productions,12,7.081,4031,1751,137313,460,5028450284.0,2.0895156272513105,22.33837767915382,2,Good
566,OLM,24,6.981,4461,7308,8245,18,24622462.0,2.0770637168938717,17.019169714334236,3,Medium
567,SILVER LINK.,12,6.861,5014,668,375419,4010,114121000000.0,2.0619138248116196,25.460525125968005,0,Best
568,Gallop,28,6.821,5250,7143,8714,30,29302930.0,2.0568124236194745,17.193198103113907,3,Medium
569,SynergySP,12,6.811,5302,3552,44344,137,1429114291.0,2.0555329966281604,21.08032071310176,2,Good
570,Yumeta Company,12,6.711,5866,5612,15836,59,45804580.0,2.0426478808508235,17.639894665916625,3,Medium
571,Studio Palette,12,6.701,5889,1220,211677,736,9152591525.0,2.041350190557113,22.937302903017926,2,Good
572,Magic Bus,12,6.681,6052,1300,196420,994,9974199741.0,2.0387497470165448,23.023267570138117,2,Good
573,Passione,12,6.681,6057,3039,58847,305,2141321413.0,2.0387497470165448,21.48468895859345,2,Good
574,LIDENFILMS,12,6.611,6433,1735,139610,396,5608456084.0,2.0295945692852544,22.447541310939553,2,Good
575,Connect,12,6.431,7542,2550,80110,305,2095520955.0,2.0056604391753323,21.46306802575661,2,Good
576,J.C.Staff,12,6.421,7582,1597,155872,1045,6287362873.0,2.0043138189879963,22.561807562830268,2,Good
577,Satelight,12,6.411,7643,3071,57739,118,2270522705.0,2.0029653829692218,21.543275908892706,2,Good
578,Millepensee,13,6.341,8070,745,341762,2251,180908000000.0,1.9934750731286444,25.92125445170317,0,Best
579,Gekkou,12,6.321,8168,2007,115586,460,4249042490.0,1.9907469306645056,22.169959498264433,2,Good
580,Bibury Animation Studios,12,6.261,8500,2563,79100,236,2351723517.0,1.9825175603981098,21.57841430820228,2,Good
581,soket,96,6.121,9256,13652,1173,5,150150.0,1.9630481649999878,11.919396733395958,1,Bad
582,Studio Deen,12,6.081,9488,6256,11956,38,25072507.0,1.957415140669637,17.03728250501913,3,Medium
583,Lesprit,15,5.741,11181,15178,764,1,156156.0,1.9082082818713018,11.958617190396811,1,Bad
584,C-Station,12,5.731,11262,6795,9868,43,20312031.0,1.9067237210285761,16.826723977788806,3,Medium
585,Nomad,12,5.721,11280,6471,11024,12,30543054.0,1.9052369529878288,17.23464788549576,3,Medium
586,Studio Elle,12,5.671,11531,1461,172014,760,6543465434.0,1.8977697737273784,22.601732745104602,2,Good
587,Studio 3Hz,12,5.501,12096,4858,22869,65,63366336.0,1.8719560112223317,17.964443316252027,3,Medium
588,None found,5,5.491,12123,18143,406,1,126126.0,1.8704166020513315,11.745044614814624,1,Bad
589,Wit Studio,12,5.251,12807,5311,18413,72,47814781.0,1.8327414509496753,17.682845396516655,3,Medium
590,MAPPA,23,8.761,44,138,1144117,24010,643666000000.0,2.278394854192828,27.19044579497505,0,Best
591,Bones,11,8.631,86,1189,218127,2665,9964599645.0,2.264987062578727,23.022304613788034,2,Good
592,SANZIGEN,13,8.241,345,4306,29928,788,1379213792.0,2.223650104905903,21.044779458548753,2,Good
593,Studio Bind,12,8.231,361,346,654818,7377,372810000000.0,2.2225673850080145,26.644334743435106,0,Best
594,CloverWorks,13,8.151,464,664,377812,2848,166692000000.0,2.213863162933241,25.839413635155662,0,Best
595,J.C.Staff,24,7.941,749,2401,87829,628,2758127581.0,2.1906474397531808,21.73781787413086,2,Good
596,Lapin Track,13,7.861,902,1519,166239,844,6918669186.0,2.1816596250651656,22.657489274063938,2,Good
597,OLM,25,7.841,955,1555,161196,1187,4942049420.0,2.1793999924236673,22.321045944665176,2,Good
598,BUG FILMS,12,7.751,1152,382,606897,4116,285154000000.0,2.169167979553694,26.376295222158795,0,Best
599,Kinema Citrus,12,7.731,1228,780,330781,3131,165843000000.0,2.1668799108286705,25.834307394641385,0,Best
600,GoHands,13,7.651,1414,2024,114511,708,4460744607.0,2.1576749211982373,22.21858154150974,2,Good
601,J.C.Staff,12,7.641,1458,2795,68882,349,2995429954.0,2.156518316859262,21.82035361580641,2,Good
602,LIDENFILMS,24,7.621,1522,1767,136292,896,4648146481.0,2.154201087227788,22.259734371059672,2,Good
603,J.C.Staff,12,7.621,1505,2331,92140,335,3166531665.0,2.154201087227788,21.875902714186562,2,Good
604,Toei Animation,50,7.611,1554,6384,11386,157,38543854.0,2.153040455714028,17.467307241895302,3,Medium
605,J.C.Staff,25,7.431,2233,2641,75284,307,2012220122.0,2.1319153889405387,21.422504488269187,2,Good
606,Doga Kobo,12,7.371,2500,2366,90135,442,3233432334.0,2.1247733516779195,21.89681005239105,2,Good
607,Bandai Namco Pictures,12,7.341,2618,3769,39702,109,1625516255.0,2.121183113259475,21.209091298273425,2,Good
608,Satelight,24,7.281,2942,2081,110049,327,4187941879.0,2.1139637340515627,22.155475252112463,2,Good
609,SILVER LINK.,12,7.231,3217,1135,228982,1316,8827888278.0,2.107907513990507,22.90118166995951,2,Good
610,Nippon Animation,24,7.161,3575,2927,63080,272,1698316983.0,2.099366710487106,21.252903588213815,2,Good
611,SILVER LINK.,12,7.151,3624,2435,86250,213,3612836128.0,2.0981406191123204,22.00775893214641,2,Good
612,feel.,12,7.151,3605,3397,47538,101,1661916619.0,2.0981406191123204,21.231237363649466,2,Good
613,GoHands,13,7.141,3693,1208,214118,1467,8173881738.0,2.0969130225918406,22.824209754036687,2,Good
614,Yokohama Animation Laboratory,12,7.111,3861,1859,127940,364,6519865198.0,2.0932211650882078,22.59811953767124,2,Good
615,OLM,12,7.111,3860,2099,108457,506,4841248412.0,2.0932211650882078,22.30043846098528,2,Good
616,TMS Entertainment,12,7.031,4245,1321,193481,1006,8646886468.0,2.083309053206325,22.88046514731382,2,Good
617,OLM,24,6.981,4461,7308,8245,18,24622462.0,2.0770637168938717,17.019169714334236,3,Medium
618,Project No.9,12,6.901,4835,1889,125138,449,4574045740.0,2.066989333740596,22.243663932715627,2,Good
619,Sunrise,13,6.861,5037,3700,41193,180,1240612406.0,2.0619138248116196,20.938870971259345,2,Good
620,SILVER LINK.,12,6.861,5014,668,375419,4010,114121000000.0,2.0619138248116196,25.460525125968005,0,Best
621,8bit,12,6.821,5215,3314,50116,176,1311013110.0,2.0568124236194745,20.994066042440743,2,Good
622,Zexcs,25,6.781,5440,10320,3169,11,736736.0,2.051684864634793,13.50998625538149,1,Bad
623,Pie in the sky,12,6.731,5753,9160,4632,3,17251725.0,2.0452382203383377,16.663422754407193,3,Medium
624,Gekkou,12,6.701,5878,2084,109975,417,4388343883.0,2.041350190557113,22.202217745477387,2,Good
625,SynergySP,12,6.701,5904,2262,97439,241,4717047170.0,2.041350190557113,22.274448841410532,2,Good
626,Studio 3Hz,12,6.671,6109,1590,156615,333,5242452424.0,2.0374469849771595,22.380055245830313,2,Good
627,Studio Gokumi,12,6.631,6328,1371,186853,1083,8733787337.0,2.0322188983074962,22.89046494296134,2,Good
628,Kinema Citrus,13,6.571,6625,9923,3613,17,11021102.0,2.0243251591211697,16.2153224474244,3,Medium
629,J.C.Staff,15,6.561,6697,1483,170275,787,6404764047.0,2.023003456576133,22.580307932896797,2,Good
630,Madhouse,12,6.531,6887,3391,47686,121,1539015390.0,2.0190278351192146,21.15440869240292,2,Good
631,Staple Entertainment,12,6.481,7224,1385,184109,566,8727587275.0,2.012366472890268,22.889754797008045,2,Good
632,Studio Gokumi,12,6.461,7314,1617,153348,364,7357473574.0,2.0096894534893774,22.718982446492227,2,Good
633,Studio Blanc.,12,6.431,7541,3312,50145,151,1501315013.0,2.0056604391753323,21.129607236998616,2,Good
634,Connect,12,6.431,7542,2550,80110,305,2095520955.0,2.0056604391753323,21.46306802575661,2,Good
635,LIDENFILMS,12,6.421,7620,2708,72679,231,2162121621.0,2.0043138189879963,21.49435580897529,2,Good
636,Geek Toys,12,6.301,8298,1540,163162,687,6206462064.0,1.9880113250739486,22.548856854761098,2,Good
637,Maho Film,12,6.221,8730,1752,137203,318,6421664216.0,1.9769934474690447,22.582943144887363,2,Good
638,soket,96,6.121,9256,13652,1173,5,150150.0,1.9630481649999878,11.919396733395958,1,Bad
639,Actas,12,6.051,9677,1806,132932,482,4901249012.0,1.9531694507369035,22.312755910193594,2,Good
640,New Deer,12,5.901,10462,13840,1109,7,184184.0,1.9316663286384648,12.123695966262723,1,Bad
641,ILCA,13,5.831,10766,7518,7617,28,26992699.0,1.9214710757497122,17.111077017041573,3,Medium
642,None found,5,5.541,11985,10933,2661,15,158158.0,1.8780900589790757,11.971356135113332,1,Bad
643,MontBlanc Pictures,3,4.661,13540,4048,34195,169,48824882.0,1.7336005550545228,17.70375063841078,3,Medium
644,Madhouse,28,9.311,1,162,1033004,63025,601640000000.0,2.3332112865358066,27.122925096735084,0,Best
645,OLM,24,8.881,23,421,564467,16823,295826000000.0,2.290613721212826,26.413037280591613,0,Best
646,MAPPA,23,8.761,44,138,1144117,24010,643666000000.0,2.278394854192828,27.19044579497505,0,Best
647,TMS Entertainment,11,8.321,261,747,341318,1502,174505000000.0,2.23226991907902,25.885219231479255,0,Best
648,Nexus,12,8.311,271,543,446320,4840,242438000000.0,2.2311964969063927,26.214011844535808,0,Best
649,C2C,25,8.081,544,694,362047,2936,180571000000.0,2.2061843187076913,25.919389889182902,0,Best
650,Wit Studio,12,8.061,589,410,571135,3606,264502000000.0,2.2039794892399236,26.301114649656633,0,Best
651,A-1 Pictures,12,7.921,777,2928,63079,606,2431124311.0,2.1884080479316466,21.61161966713095,2,Good
652,Studio Kafka,12,7.901,823,2116,106993,315,4285642856.0,2.1861636299767944,22.17853640271436,2,Good
653,Shuka,12,7.881,874,2889,64763,358,2335123351.0,2.1839141632763672,21.571330554080948,2,Good
654,OLM,25,7.841,955,1555,161196,1187,4942049420.0,2.1793999924236673,22.321045944665176,2,Good
655,LIDENFILMS,13,7.821,1002,1173,222140,1504,9762897628.0,2.1771352422766297,23.00185508152604,2,Good
656,David Production,24,7.761,1143,857,305412,1739,105910000000.0,2.1703100536842266,25.385855513811432,0,Best
657,BUG FILMS,12,7.751,1152,382,607000,4116,285154000000.0,2.169167979553694,26.376295222158795,0,Best
658,Bibury Animation Studios,12,7.721,1238,959,269858,2617,135561000000.0,2.1657339102448487,25.632687560472746,0,Best
659,Geek Toys,13,7.721,1243,2358,90468,589,3491434914.0,2.1657339102448487,21.973578639091368,2,Good
660,LIDENFILMS,24,7.621,1522,1767,136292,896,4648146481.0,2.154201087227788,22.259734371059672,2,Good
661,Toei Animation,50,7.611,1554,6384,11386,157,38543854.0,2.153040455714028,17.467307241895302,3,Medium
662,Studio Kai,13,7.601,1574,4698,24726,90,97069706.0,2.1518784755693425,18.390939907243553,3,Medium
663,Yostar Pictures,8,7.571,1684,3336,49451,299,1562115621.0,2.1483844119167457,21.169306907391395,2,Good
664,Felix Film,12,7.561,1738,2633,75662,681,3353133531.0,2.1472170057603486,21.93316112827218,2,Good
665,SILVER LINK.,24,7.551,1761,1108,234679,1412,8583385833.0,2.146048235173818,22.873094291951865,2,Good
666,Diomedéa,13,7.501,1973,1668,147333,979,5095450954.0,2.140183803635222,22.351614009027244,2,Good
667,TROYCA,12,7.491,1989,2832,66901,464,2359623596.0,2.1390067790172265,21.58176795046699,2,Good
668,Geek Toys,12,7.451,2171,1835,129313,374,5515855158.0,2.1342847775623452,22.430892538193334,2,Good
669,Diomedéa,12,7.431,2240,2290,95187,349,3805638056.0,2.1319153889405387,22.059749503295116,2,Good
670,OLM,12,7.431,2224,1823,130579,378,4332743327.0,2.1319153889405387,22.18946674139297,2,Good
671,Studio Kai,39,7.421,2288,5706,15223,108,58005800.0,2.130728586047855,17.876053580750682,3,Medium
672,Platinum Vision,12,7.341,2654,1871,127201,1173,5870158701.0,2.121183113259475,22.49314750653679,2,Good
673,Satelight,24,7.281,2942,2081,110049,327,4187941879.0,2.1139637340515627,22.155475252112463,2,Good
674,Telecom Animation Film,24,7.271,2987,2552,80091,417,2196221962.0,2.1127554207097696,21.510004431533215,2,Good
675,SILVER LINK.,12,7.211,3295,2461,84766,312,4045640456.0,2.1054747187266516,22.12090570792723,2,Good
676,LIDENFILMS,12,7.201,3359,659,379188,3157,129769000000.0,2.1042560980542744,25.589021783732285,0,Best
677,Zero-G,12,7.161,3563,1927,121589,517,4673146731.0,2.099366710487106,22.265098500128932,2,Good
678,Project No.9,12,7.151,3663,1953,119271,787,4462244622.0,2.0981406191123204,22.218917755075687,2,Good
679,Studio Gokumi,12,7.151,3665,3119,55878,333,1613916139.0,2.0981406191123204,21.20192944757566,2,Good
680,Kinema Citrus,12,7.101,3924,504,472586,6098,129334000000.0,2.091987510848354,25.585664042535196,0,Best
681,Lerche,4,7.081,4001,2788,69188,419,2063520635.0,2.0895156272513105,21.44767940759152,2,Good
682,Fugaku,20,7.071,4065,7469,7746,34,14981498.0,2.088277390342235,16.522326597802678,3,Medium
683,Arvo Animation,12,7.061,4102,1636,151169,457,7217372173.0,2.087037618301464,22.69975675877993,2,Good
684,SynergySP,12,7.011,4327,2061,111498,411,4824448244.0,2.08081559723298,22.29696221183064,2,Good
685,Shirogumi,12,6.921,4749,6452,11113,52,31013101.0,2.0695174604821425,17.2499203183214,3,Medium
686,Silver,13,6.901,4809,3083,57211,235,2405824058.0,2.066989333740596,21.601158325889905,2,Good
687,Tezuka Productions,12,6.891,4903,2710,72633,326,2397623976.0,2.065722869538898,21.597744074333807,2,Good
688,PINE JAM,12,6.861,5021,3735,40387,437,90039003.0,2.0619138248116196,18.31575351219129,3,Medium
689,A-1 Pictures,13,6.851,5117,6241,12039,105,32663266.0,2.0606409122161184,17.301761671122357,3,Medium
690,Zexcs,25,6.781,5440,10320,3169,11,736736.0,2.051684864634793,13.50998625538149,1,Bad
691,A-Real,12,6.771,5501,2987,61148,150,2016520165.0,2.050398856227105,21.4246391727236,2,Good
692,Typhoon Graphics,13,6.761,5566,2316,93351,208,3971639716.0,2.0491111918720017,22.1024448733255,2,Good
693,ENGI,12,6.751,5628,1303,195992,1507,8494684946.0,2.0478218672993744,22.86270650450794,2,Good
694,A.C.G.T.,12,6.731,5737,1198,215972,899,106770000000.0,2.0452382203383377,25.393942825145988,0,Best
695,8bit,12,6.711,5858,2643,75146,213,2530125301.0,2.0426478808508235,21.651534664941657,2,Good
696,Brain's Base,23,6.691,5991,4362,29186,70,87728772.0,2.0400508140749167,18.289760487913064,3,Medium
697,Toei Animation,12,6.591,6514,7042,9012,32,25112511.0,2.026963335034631,17.03887676595489,3,Medium
698,Jumondo,12,6.551,6775,3265,51166,75,2452024520.0,2.0216800048212886,21.620179855378204,2,Good
699,Maho Film,12,6.391,7743,2367,89790,207,3979839798.0,2.0002630438027498,22.104507403925105,2,Good
700,Asahi Production,12,6.321,8150,8249,6072,29,881881.0,1.9907469306645056,13.689813539190597,1,Bad
701,Project No.9,12,6.301,8254,3464,46224,96,1638616386.0,1.9880113250739486,21.21711805623226,2,Good
702,Yokohama Animation Laboratory,12,6.221,8761,1247,206245,969,8058880588.0,1.9769934474690447,22.810040499080117,2,Good
703,Passione,12,6.201,8851,1591,156537,840,6139161391.0,1.9742199052667297,22.537953988669923,2,Good
704,Nut,12,6.181,8923,5957,13572,23,41104110.0,1.9714386491281806,17.531618698795263,3,Medium
705,Production I.G,3,6.171,8999,5008,21257,53,44024402.0,1.9700451149004379,17.600254651777597,3,Medium
706,Quad,12,6.101,9416,3757,39947,120,1215612156.0,1.9602356191999566,20.918513619779542,2,Good
707,Point Pictures,12,5.841,10713,13562,1204,2,140140.0,1.922933919778861,11.850404337620487,1,Bad
708,Unend,12,5.821,10845,4515,27150,73,65126512.0,1.9200060886725823,17.991842290013622,3,Medium
709,Wit Studio,12,5.681,11476,8866,5085,16,14421442.0,1.8992676769433403,16.484226754162602,3,Medium
710,Project No.9,13,5.671,11549,2562,79087,506,2736327363.0,1.8977697737273784,21.72988248013395,2,Good
711,evg,12,5.671,11542,7666,7266,18,17201720.0,1.8977697737273784,16.660519994917735,3,Medium
712,Yokohama Animation Laboratory,13,5.611,11771,7684,7235,9,817817.0,1.888734928351441,13.614395096941916,1,Bad
713,Lesprit,12,5.471,12209,10197,3311,5,565565.0,1.867330656075129,13.24558227860346,1,Bad
714,Madhouse,28,9.311,1,162,1033379,63026,601913000000.0,2.3332112865358066,27.123378753540695,0,Best
715,OLM,24,8.881,23,421,564467,16823,295826000000.0,2.290613721212826,26.413037280591613,0,Best
716,Shin-Ei Animation,13,8.761,43,1047,245958,5330,136217000000.0,2.278394854192828,25.637515039326644,0,Best
717,Pierrot,13,8.721,55,3486,45745,521,1942119421.0,2.274288493838932,21.387045699260582,2,Good
718,Trigger,24,8.611,96,541,446989,8841,217419000000.0,2.262908275841147,26.10509220432341,0,Best
719,A-1 Pictures,12,8.281,306,216,871735,16301,506652000000.0,2.227969299613256,26.951090214333192,0,Best
720,Ajia-do,12,8.211,383,921,280014,3641,124659000000.0,2.2203984220060984,25.548847846483614,0,Best
721,C2C,25,8.081,544,694,362047,2936,180571000000.0,2.2061843187076913,25.919389889182902,0,Best
722,Lerche,13,7.961,710,540,447144,4267,218498000000.0,2.1928818279020823,26.110042698126662,0,Best
723,David Production,23,7.851,937,3289,50789,225,1558015580.0,2.1805304469867397,21.16667878498681,2,Good
724,J.C.Staff,25,7.841,943,912,282797,2224,125359000000.0,2.1793999924236673,25.55444745794417,0,Best
725,A-1 Pictures,12,7.811,1012,579,421839,1959,220524000000.0,2.1760009408845926,26.119272369452233,0,Best
726,David Production,24,7.761,1143,857,305412,1739,105910000000.0,2.1703100536842266,25.385855513811432,0,Best
727,Satelight,12,7.641,1445,2663,74234,714,3306633066.0,2.156518316859262,21.91919630833394,2,Good
728,Asahi Production,13,7.631,1469,1448,173996,1939,7907679076.0,2.1553603732375204,22.791100159362514,2,Good
729,Toei Animation,50,7.581,1659,7461,7768,93,21012101.0,2.1495504568249837,16.86060911541314,3,Medium
730,Studio Massket,12,7.561,1743,1996,116501,598,5500355003.0,2.1472170057603486,22.42807847328364,2,Good
731,CygamesPictures,12,7.561,1729,4195,31528,211,97409740.0,2.1472170057603486,18.39443677387901,3,Medium
732,SILVER LINK.,24,7.551,1761,1108,234679,1412,8583385833.0,2.146048235173818,22.873094291951865,2,Good
733,Shin-Ei Animation,13,7.531,1832,993,262063,1197,138023000000.0,2.1437065879265575,25.650686174890183,0,Best
734,Studio Kai,12,7.511,1922,1363,188010,1435,9483694836.0,2.141359444494824,22.97283982801865,2,Good
735,Connect,12,7.431,2221,1407,178707,760,9334693346.0,2.1319153889405387,22.957003763588,2,Good
736,Yokohama Animation Laboratory,12,7.421,2270,1549,161953,968,5719657196.0,2.130728586047855,22.467174709947802,2,Good
737,Studio Kai,39,7.421,2288,5705,15223,108,58005800.0,2.130728586047855,17.876053580750682,3,Medium
738,Telecom Animation Film,24,7.271,2987,2552,80091,417,2196221962.0,2.1127554207097696,21.510004431533215,2,Good
739,Maho Film,12,7.251,3103,2246,98352,499,4495244952.0,2.1103344051222064,22.22628599793472,2,Good
740,SynergySP,12,7.251,3083,2338,91745,524,2771327713.0,2.1103344051222064,21.74259236144251,2,Good
741,PINE JAM,12,7.241,3175,2754,70346,209,2434924349.0,2.1091216957812464,21.613181525236545,2,Good
742,Jumondo,12,7.131,3752,1452,173395,816,8956989569.0,2.0956839172257005,22.915700021986407,2,Good
743,8bit,12,7.081,4006,5180,19534,73,64636463.0,2.0895156272513105,17.984289267710555,3,Medium
744,Studio Hibari,12,7.071,4075,3481,45776,159,1467514675.0,2.088277390342235,21.10683611029795,2,Good
745,Fugaku,20,7.071,4065,7470,7746,34,14981498.0,2.088277390342235,16.522326597802678,3,Medium
746,Studio VOLN,12,7.061,4116,1572,159449,608,4731547315.0,2.087037618301464,22.27751811407391,2,Good
747,Project No.9,13,7.041,4171,1784,134780,606,5321753217.0,2.084553453566012,22.395068638265187,2,Good
748,SILVER LINK.,12,7.031,4271,1375,185988,982,8184481844.0,2.083309053206325,22.82550574032886,2,Good
749,Kinema Citrus,13,7.021,4284,9767,3805,18,12011201.0,2.0820631023847875,16.301350272312117,3,Medium
750,White Fox,13,6.991,4424,2984,61201,187,1722317223.0,2.0783159083923257,21.26693644433659,2,Good
751,Children's Playground Entertainment,12,6.911,4786,1901,124129,409,4628946289.0,2.068254196039259,22.25559509599023,2,Good
752,Seven Arcs,12,6.851,5087,1181,220056,1653,8389083890.0,2.0606409122161184,22.850197160879773,2,Good
753,SILVER LINK.,12,6.841,5136,2152,104701,208,4681846818.0,2.059366377248785,22.266958488478636,2,Good
754,EMT Squared,12,6.781,5438,2488,83328,412,3576935769.0,2.051684864634793,21.99777234067404,2,Good
755,Studio Flad,12,6.761,5527,1805,133085,377,4844648446.0,2.0491111918720017,22.30114051969782,2,Good
756,Brain's Base,23,6.691,5991,4362,29186,70,87728772.0,2.0400508140749167,18.289760487913064,3,Medium
757,Passione,12,6.671,6116,2092,109032,383,3335333353.0,2.0374469849771595,21.927838467540596,2,Good
758,E&H Production,13,6.661,6152,1409,178636,1082,6794367943.0,2.036142523534684,22.639359862415883,2,Good
759,Bridge,13,6.571,6648,4080,33701,129,73737373.0,2.0243251591211697,18.11602033852781,3,Medium
760,MAPPA,12,6.521,6975,2265,97190,391,3865638656.0,2.017699107844266,22.075392746473405,2,Good
761,Drive,12,6.511,7035,3260,51306,232,1559315593.0,2.0163686127038747,21.167512840146422,2,Good
762,Studio PuYUKAI,13,6.501,7103,6847,9693,17,30463046.0,2.0150363449874993,17.23202493325828,3,Medium
763,OLM,12,6.471,7270,4091,33554,138,82828282.0,2.0110288589936642,18.2322801431552,3,Medium
764,Okuruto Noboru,12,6.371,7848,1578,158488,615,7265372653.0,1.9975533822071518,22.70638542707847,2,Good
765,Tsumugi Akita Animation Lab,10,6.331,8118,5787,14669,43,45644564.0,1.9921119322414496,17.636395099866895,3,Medium
766,Project No.9,12,6.301,8254,3464,46224,96,1638616386.0,1.9880113250739486,21.21711805623226,2,Good
767,Bones,13,6.201,8821,2120,106619,376,3122631226.0,1.9742199052667297,21.861941825341937,2,Good
768,Studio Polon,12,6.121,9306,2394,88043,131,3836738367.0,1.9630481649999878,22.067888459282297,2,Good
769,Staple Entertainment,12,6.071,9558,1957,118805,370,4564145641.0,1.9560019126221038,22.24149717948004,2,Good
770,Signal.MD,10,5.881,10534,6072,12904,10,45054505.0,1.9287639902203428,17.623383559214293,3,Medium
771,ILCA,13,5.851,10689,8297,6003,17,20142014.0,1.924394627020762,16.81831848990249,3,Medium
772,OLM,12,5.421,12362,6371,11397,10,27942794.0,1.8595738688119114,17.145669942580824,3,Medium
773,Wolfsbane,12,5.241,12816,3883,37284,145,98669866.0,1.831140425951906,18.407290158905006,3,Medium
774,Super Normal Studio,13,5.141,13023,8605,5501,10,468468.0,1.814987595347262,13.057225209848108,1,Bad
775,Kyoto Animation,13,8.721,53,2532,81091,1518,2974829748.0,2.274288493838932,21.813452647079572,2,Good
776,Trigger,24,8.611,96,541,446989,8841,217419000000.0,2.262908275841147,26.10509220432341,0,Best
777,Studio Bind,12,8.431,179,512,467612,4011,255606000000.0,2.2440021355617477,26.26690303335659,0,Best
778,Toei Animation,13,8.391,203,2163,103528,2297,3898638986.0,2.2397517838224767,22.083893351482818,2,Good
779,Drive,11,8.361,226,501,475601,5324,186555000000.0,2.236552122389608,25.951991938725584,0,Best
780,Production I.G,12,8.301,276,429,551507,5412,304231000000.0,2.23012192126033,26.44105311822313,0,Best
781,J.C.Staff,12,8.141,466,3047,58655,246,2187021870.0,2.2127697886716815,21.505806579048286,2,Good
782,ufotable,8,8.111,504,391,592307,4579,315582000000.0,2.2094824747317214,26.477684390074252,0,Best
783,Passione,25,8.111,511,1139,227869,1823,6865168651.0,2.2094824747317214,22.649726442798304,2,Good
784,Tezuka Productions,25,8.101,523,2614,76518,554,2654326543.0,2.208384297595219,21.699456803720373,2,Good
785,Bones,21,8.071,558,695,361718,2663,135065000000.0,2.205082511632807,25.62902198099871,0,Best
786,Pierrot,20,8.061,578,3368,48192,433,1475614756.0,2.2039794892399236,21.11234052431448,2,Good
787,8bit,12,8.011,653,2365,90249,526,3082330823.0,2.1984460532529,21.8489519087716,2,Good
788,CloverWorks,11,7.861,909,2359,90423,688,2847028470.0,2.1816596250651656,21.769541645543555,2,Good
789,David Production,23,7.851,937,3289,50789,225,1558015580.0,2.1805304469867397,21.16667878498681,2,Good
790,J.C.Staff,25,7.841,943,912,282797,2224,125359000000.0,2.1793999924236673,25.55444745794417,0,Best
791,Doga Kobo,12,7.771,1109,1988,117271,895,4415744157.0,2.1714508249692446,22.208442209007387,2,Good
792,Studio Deen,12,7.751,1149,3781,39426,349,1357213572.0,2.169167979553694,21.028699591561153,2,Good
793,CloverWorks,13,7.741,1193,727,348264,2736,169353000000.0,2.168024599598351,25.85525113085104,0,Best
794,Geek Toys,12,7.691,1328,1913,123157,1310,3925039250.0,2.162288007455323,22.09064218838556,2,Good
795,8bit,24,7.681,1341,616,401583,4199,159663000000.0,2.161136729409671,25.796331180922397,0,Best
796,Toei Animation,50,7.581,1659,7461,7768,93,21012101.0,2.1495504568249837,16.86060911541314,3,Medium
797,SILVER LINK.,27,7.551,1787,1881,125675,605,3541535415.0,2.146048235173818,21.987826203390316,2,Good
798,MAPPA,12,7.511,1929,3657,41871,244,1597215972.0,2.141359444494824,21.19152793372943,2,Good
799,Gekkou,11,7.471,2084,1811,132449,544,4420844208.0,2.136648565449414,22.209596512309627,2,Good
800,Tsumugi Akita Animation Lab,12,7.441,2193,1262,203057,1001,104398000000.0,2.1331007850015826,25.371476355132906,0,Best
801,Studio Kai,39,7.421,2288,5705,15226,108,58005800.0,2.130728586047855,17.876053580750682,3,Medium
802,Liber,12,7.381,2439,1942,120092,479,4388643886.0,2.125967239116769,22.202286106743905,2,Good
803,EMT Squared,12,7.371,2501,2605,77089,257,2915929159.0,2.1247733516779195,21.79345435724492,2,Good
804,Okuruto Noboru,12,7.341,2615,2538,80637,316,3493234932.0,2.121183113259475,21.97409405874012,2,Good
805,Yostar Pictures,12,7.321,2734,1534,163768,734,6319063190.0,2.118782439918293,22.56683680484598,2,Good
806,Brain's Base,12,7.291,2887,1460,172055,683,8212582125.0,2.1151705891340815,22.828933220828905,2,Good
807,LIDENFILMS,13,7.291,2880,4843,23025,72,72947294.0,2.1151705891340815,18.105247752053668,3,Medium
808,SynergySP,12,7.281,2943,2913,63616,161,2698326983.0,2.1139637340515627,21.71589778234769,2,Good
809,studio MOTHER,12,7.171,3524,1571,159511,388,7897478974.0,2.1005913004025705,22.789809428402087,2,Good
810,OLM,13,7.101,3903,6055,12987,40,46774677.0,2.091987510848354,17.660852546081493,3,Medium
811,8bit,13,7.041,4180,1742,138696,472,4451444514.0,2.084553453566012,22.216494490562457,2,Good
812,Yostar Pictures,12,7.041,4201,2856,66134,1091,2333823338.0,2.084553453566012,21.57077367771476,2,Good
813,Okuruto Noboru,12,7.031,4259,2637,75451,359,3036030360.0,2.083309053206325,21.833816696759172,2,Good
814,Connect,12,6.961,4559,3192,53468,170,1852018520.0,2.0745546201064413,21.33954197366035,2,Good
815,Sunrise,12,6.841,5156,8071,6412,9,26992699.0,2.059366377248785,17.111077017041573,3,Medium
816,J.C.Staff,12,6.821,5229,1272,200586,866,100015000000.0,2.0568124236194745,25.328586011695627,0,Best
817,Zero-G,12,6.771,5466,2315,93355,284,2955029550.0,2.050398856227105,21.80677448809288,2,Good
818,East Fish Studio,12,6.751,5604,1990,117048,520,4137041370.0,2.0478218672993744,22.143246724617406,2,Good
819,ENGI,12,6.731,5711,1782,134832,611,4792647926.0,2.0452382203383377,22.290348898761394,2,Good
820,Yokohama Animation Laboratory,12,6.671,6062,2408,87632,781,1925319253.0,2.0374469849771595,21.378357637168957,2,Good
821,E&H Production,13,6.661,6152,1409,178636,1082,6794367943.0,2.036142523534684,22.639359862415883,2,Good
822,Zexcs,23,6.651,6207,11245,2431,10,501501.0,2.0348363582497146,13.125362874412067,1,Bad
823,Telecom Animation Film,12,6.561,6710,4214,31179,59,1081510815.0,2.023003456576133,20.80162480423202,2,Good
824,Studio Deen,12,6.551,6778,1586,157411,478,8038480384.0,2.0216800048212886,22.807505895432445,2,Good
825,Yokohama Animation Laboratory,12,6.441,7486,1880,125782,372,5695456954.0,2.007005248415124,22.462934668554674,2,Good
826,SILVER LINK.,12,6.431,7517,1403,180568,822,4064240642.0,2.0056604391753323,22.125492758806164,2,Good
827,LIDENFILMS,13,6.271,8468,2354,90668,256,3061830618.0,1.9838938336679197,21.842278815538858,2,Good
828,Studio Blanc.,12,6.201,8861,3433,46836,237,1582915829.0,1.9742199052667297,21.182534445237714,2,Good
829,Studio A-CAT,12,6.151,9111,5422,17369,98,44504450.0,1.9672522070662588,17.611099764606465,3,Medium
830,domerica,8,6.111,9362,5989,13384,45,20672067.0,1.9616428809013808,16.844293975032738,3,Medium
831,Polygon Pictures,12,6.091,9454,6769,9948,54,23252325.0,1.9588263743218597,16.961915728004424,3,Medium
832,Shin-Ei Animation,6,5.691,11420,17105,490,0,164164.0,1.9007633398006798,12.008627298590373,1,Bad
833,TMS Entertainment,12,5.661,11566,6932,9387,36,21022102.0,1.8962696234310423,16.861084965982393,3,Medium
834,Studio Deen,12,5.211,12894,2508,81898,203,3088230882.0,1.826321913577166,21.85086423412485,2,Good
835,Doga Kobo,13,8.591,104,587,417865,5509,182119000000.0,2.260825158745814,25.92792615651828,0,Best
836,A-1 Pictures,12,8.151,458,1027,252651,2750,127134000000.0,2.213863162933241,25.568507485277227,0,Best
837,Passione,25,8.111,511,1139,227907,1823,6865168651.0,2.2094824747317214,22.649726442798304,2,Good
838,Tezuka Productions,25,8.101,523,2614,76518,554,2654326543.0,2.208384297595219,21.699456803720373,2,Good
839,Bones,21,8.071,558,695,361718,2663,135065000000.0,2.205082511632807,25.62902198099871,0,Best
840,Pierrot,20,8.061,578,3368,48214,433,1475614756.0,2.2039794892399236,21.11234052431448,2,Good
841,A-1 Pictures,12,8.041,615,2324,92867,456,2891228912.0,2.2017697877552296,21.78494747809811,2,Good
842,Actas,12,7.891,842,915,280945,1565,144797000000.0,2.185039529139002,25.698598598458265,0,Best
843,Nomad,12,7.851,927,1450,173824,1340,6823968239.0,2.1805304469867397,22.64370699296318,2,Good
844,CloverWorks,12,7.821,983,1479,170768,739,6717767177.0,2.1771352422766297,22.628021671090593,2,Good
845,8bit,24,7.681,1341,616,401676,4199,159746000000.0,2.161136729409671,25.7968508907732,0,Best
846,Doga Kobo,12,7.601,1573,633,393855,4925,197203000000.0,2.1518784755693425,26.007499491986046,0,Best
847,White Fox,22,7.591,1613,4722,24348,86,68806880.0,2.1507151436559195,18.046814312437334,3,Medium
848,Toei Animation,50,7.581,1659,7461,7768,93,21012101.0,2.1495504568249837,16.86060911541314,3,Medium
849,Bones,12,7.571,1672,2403,87731,416,3109931099.0,2.1483844119167457,21.857866408551306,2,Good
850,SILVER LINK.,27,7.551,1787,1881,125708,606,3544135441.0,2.146048235173818,21.988560086227608,2,Good
851,Studio Deen,12,7.471,2079,3383,47958,418,1466014660.0,2.136648565449414,21.105813441042994,2,Good
852,J.C.Staff,24,7.431,2226,1869,127259,802,3712637126.0,2.1319153889405387,22.03500827695875,2,Good
853,Tezuka Productions,12,7.381,2470,2760,70147,379,2707727077.0,2.125967239116769,21.719375403313297,2,Good
854,E&H Production,12,7.381,2472,5734,15020,84,52375237.0,2.125967239116769,17.773944480348995,3,Medium
855,Yumeta Company,12,7.381,2456,1616,153527,534,7763577635.0,2.125967239116769,22.772709100464304,2,Good
856,P.A. Works,12,7.361,2532,3296,50553,210,1699516995.0,2.123578037167921,21.25360992763885,2,Good
857,Studio Deen,12,7.351,2571,1418,177001,1391,7061570615.0,2.122381292171092,22.677933330565004,2,Good
858,Project No.9,12,7.311,2795,2622,76091,417,2402624026.0,2.117579938570889,21.59982732161776,2,Good
859,Lapin Track,10,7.291,2871,2122,106397,473,3447834478.0,2.1151705891340815,21.96101218366519,2,Good
860,Atelier Pontdarc,12,7.281,2948,1317,194509,771,7716777167.0,2.1139637340515627,22.76666264853523,2,Good
861,TROYCA,13,7.181,3488,2691,73273,384,2067620676.0,2.101814392531561,21.449664351719807,2,Good
862,OLM,12,7.111,3853,3570,43902,97,1641116411.0,2.0932211650882078,21.2186425862092,2,Good
863,Kinema Citrus,13,7.111,3846,11135,2501,12,795795.0,2.0932211650882078,13.587098150573793,1,Bad
864,TNK,12,7.051,4154,2867,65548,209,2226822268.0,2.085796307317844,21.5238414146727,2,Good
865,Wit Studio,12,7.021,4301,1077,240525,1610,9330693306.0,2.0820631023847875,22.956575158476795,2,Good
866,8bit,12,6.921,4744,4438,28073,67,90859085.0,2.0695174604821425,18.324820358812843,3,Medium
867,OLM,12,6.901,4854,1501,168390,581,7971179711.0,2.066989333740596,22.79909833786631,2,Good
868,Production I.G,11,6.811,5305,7430,7823,34,15781578.0,2.0555329966281604,16.574353931747353,3,Medium
869,J.C.Staff,13,6.801,5344,3344,49137,248,1006410064.0,2.054251930606176,20.72965544485408,2,Good
870,Typhoon Graphics,12,6.801,5324,2790,69089,175,2575525755.0,2.054251930606176,21.669319527308186,2,Good
871,Tezuka Productions,12,6.771,5494,3075,57505,220,2129021290.0,2.050398856227105,21.478928223277453,2,Good
872,P.A. Works,13,6.741,5691,5285,18598,31,62866286.0,2.046530878222576,17.956520600240808,3,Medium
873,The Answer Studio,13,6.691,5982,1026,253185,1269,8856088560.0,2.0400508140749167,22.904371032415664,2,Good
874,Studio Outrigger,12,6.691,5949,12378,1696,11,693693.0,2.0400508140749167,13.449786220063968,1,Bad
875,EMT Squared,12,6.671,6115,2610,76726,293,3246832468.0,2.0374469849771595,21.90094573310929,2,Good
876,Yokohama Animation Laboratory,12,6.671,6062,2408,87634,781,1925419254.0,2.0374469849771595,21.378409575777507,2,Good
877,Zexcs,23,6.651,6207,11247,2431,10,501501.0,2.0348363582497146,13.125362874412067,1,Bad
878,Studio Palette,13,6.541,6843,3439,46617,61,1577815778.0,2.02035479922051,21.17930730920905,2,Good
879,Seven Arcs,12,6.481,7194,1397,181621,720,8898188981.0,2.012366472890268,22.90911360781005,2,Good
880,Wit Studio,10,6.451,7390,1649,149386,570,4374243742.0,2.0083482515715905,22.198999483071336,2,Good
881,Studio A-CAT,12,6.411,7634,1846,128457,400,5219252192.0,2.0029653829692218,22.37561997053257,2,Good
882,P.A. Works,12,6.381,7783,4262,30495,75,89498949.0,1.9989091307879152,18.30973745133269,3,Medium
883,ROLL2,12,6.281,8399,2954,62184,210,2078120781.0,1.985268215412574,21.454729852092147,2,Good
884,Project No.9,12,6.241,8636,1989,117077,355,4268642686.0,1.9797593184066837,22.17456174175801,2,Good
885,LIDENFILMS,10,6.061,9599,3058,58307,126,1694616946.0,1.9545866845342097,21.25072256226874,2,Good
886,ILCA,13,6.031,9785,9537,4078,15,14741474.0,1.9503289432170243,16.50617550756162,3,Medium
887,Gaina,13,5.851,10671,7460,7773,35,18351835.0,1.924394627020762,16.725240181955648,3,Medium
888,Gekkou,12,5.821,10859,2746,70788,143,2875128751.0,1.9200060886725823,21.77936329349733,2,Good
889,Elias,12,5.601,11798,3527,44781,184,1460614606.0,1.8872211527066338,21.102123147784926,2,Good
890,Satelight,24,5.551,11961,4841,23018,43,65376537.0,1.8796177097497393,17.995674005885252,3,Medium
891,AQUA ARIS,12,5.441,12290,15798,652,1,212212.0,1.8626838075647536,12.265345766244993,1,Bad
892,None found,12,5.371,12497,6530,10797,23,19211921.0,1.8517564431343512,16.771041581796087,3,Medium
893,Shuka,12,8.591,99,3531,44815,444,1130311303.0,2.260825158745814,20.84575892199567,2,Good
894,Science SARU,12,8.561,109,353,647718,10030,352589000000.0,2.257692324103309,26.58856890960279,0,Best
895,MAPPA,12,8.051,604,1974,118067,870,5269652696.0,2.2028752488450336,22.385230295430524,2,Good
896,J.C.Staff,15,8.031,628,1576,158777,865,2429424294.0,2.2006631032686617,21.610920150592065,2,Good
897,LIDENFILMS,23,8.001,660,3477,45885,210,71517151.0,2.1973356822749484,18.085447867007574,3,Medium
898,Sunrise,12,7.891,851,5318,18387,130,57685768.0,2.185039529139002,17.8705210632766,3,Medium
899,Felix Film,12,7.801,1048,3926,36389,184,1582215822.0,2.174865351391675,21.182092121133596,2,Good
900,Felix Film,12,7.631,1476,2105,108196,515,5251652516.0,2.1553603732375204,22.381808629164645,2,Good
901,Diomedéa,13,7.591,1626,3209,52800,220,1584515845.0,2.1507151436559195,21.183544737676357,2,Good
902,White Fox,22,7.591,1613,4722,24348,86,68806880.0,2.1507151436559195,18.046814312437334,3,Medium
903,Toei Animation,50,7.581,1659,7461,7768,93,21012101.0,2.1495504568249837,16.86060911541314,3,Medium
904,8bit,14,7.561,1707,1025,253912,1868,109190000000.0,2.1472170057603486,25.416355320981545,0,Best
905,Studio Signpost,12,7.531,1854,3134,55373,179,1854818548.0,2.1437065879265575,21.341052710970718,2,Good
906,J.C.Staff,12,7.481,2030,2169,103282,323,4096240962.0,2.137828367379563,22.133335551810692,2,Good
907,studio MOTHER,12,7.481,2020,2287,95386,266,4102441024.0,2.137828367379563,22.13484800544433,2,Good
908,Telecom Animation Film,12,7.461,2104,4204,31340,113,68746874.0,2.135467369942364,18.04594183893241,3,Medium
909,J.C.Staff,24,7.431,2226,1869,127260,803,3712737127.0,2.1319153889405387,22.035035211897398,2,Good
910,Studio VOLN,12,7.421,2285,2564,79104,202,2007720077.0,2.130728586047855,21.420265625671885,2,Good
911,Ashi Productions,12,7.401,2370,3243,51798,299,1762717627.0,2.12835074638271,21.290122561907488,2,Good
912,Nut,12,7.371,2483,3112,56231,244,1915519155.0,2.1247733516779195,21.373254522577028,2,Good
913,Signal.MD,12,7.351,2577,3366,48271,279,1672116721.0,2.122381292171092,21.23735615898094,2,Good
914,Maho Film,13,7.331,2688,2227,99136,482,4572745727.0,2.119983496992772,22.243379677189925,2,Good
915,OLM,13,7.311,2769,8831,5148,15,22442244.0,2.117579938570889,16.926455678177927,3,Medium
916,Studio Deen,12,7.191,3410,2037,113740,570,4024540245.0,2.103035990533465,22.11567651669654,2,Good
917,A-1 Pictures,12,7.161,3597,2207,100872,327,2479424794.0,2.099366710487106,21.63129243272164,2,Good
918,Ashi Productions,12,7.131,3732,2276,96394,293,3644536445.0,2.0956839172257005,22.016495019010925,2,Good
919,asread.,16,7.091,3968,1584,157962,990,2948129481.0,2.0907523328257027,21.804436732289965,2,Good
920,Felix Film,12,7.081,4023,2065,111473,444,3753637536.0,2.0895156272513105,22.045991216639838,2,Good
921,Zero-G,13,7.071,4049,2068,111045,350,4882048820.0,2.088277390342235,22.308830809072013,2,Good
922,J.C.Staff,12,7.041,4225,2543,80477,344,3210232102.0,2.084553453566012,21.889609077704897,2,Good
923,Lerche,4,7.041,4213,3981,35272,127,87528752.0,2.084553453566012,18.287477903063095,3,Medium
924,J.C.Staff,12,6.971,4507,4423,28345,58,86838683.0,2.075809955445786,18.279562748552767,3,Medium
925,TOHO animation STUDIO,12,6.961,4579,6634,10416,45,34553455.0,2.0745546201064413,17.358018132118954,3,Medium
926,The Answer Studio,13,6.911,4777,2162,103654,214,4459644596.0,2.068254196039259,22.218334913031924,2,Good
927,C-Station,12,6.901,4842,7456,7787,22,26432643.0,2.066989333740596,17.090110319412815,3,Medium
928,TMS Entertainment,12,6.871,4978,1517,166590,1222,4784947849.0,2.063185119160313,22.28874096315035,2,Good
929,TriF Studio,12,6.831,5170,3318,50057,135,1516315163.0,2.0580902157688006,21.13954899438066,2,Good
930,J.C.Staff,13,6.801,5344,3344,49139,248,1006410064.0,2.054251930606176,20.72965544485408,2,Good
931,Pie in the sky,12,6.751,5610,11711,2118,7,704704.0,2.0478218672993744,13.465534554507766,1,Bad
932,Voil,12,6.731,5732,5077,20569,59,67946794.0,2.0452382203383377,18.034235530414442,3,Medium
933,Yokohama Animation Laboratory,12,6.671,6062,2408,87634,781,1925419254.0,2.0374469849771595,21.378409575777507,2,Good
934,M.S.C,13,6.651,6208,7848,6867,23,15821582.0,2.0348363582497146,16.576885578508918,3,Medium
935,Passione,12,6.581,6617,2125,106245,439,4561145611.0,2.0256451170741667,22.24083965962131,2,Good
936,Toei Animation,13,6.481,7182,14355,969,3,131131.0,2.012366472890268,11.783959728449119,1,Bad
937,Imagica Infos,6,6.401,7692,8039,6482,29,15231523.0,2.0016151262153294,16.538877785524992,3,Medium
938,SynergySP,12,6.351,7995,2685,73478,169,2983029830.0,1.9948363583919506,21.816205342764253,2,Good
939,Polygon Pictures,12,6.321,8173,9205,4558,20,11741174.0,1.9907469306645056,16.27861245253491,3,Medium
940,Unend,12,6.211,8794,7579,7479,18,20162016.0,1.9756076379346226,16.81931104576599,3,Medium
941,J.C.Staff,12,6.191,8885,5674,15355,18,48364836.0,1.972830244120357,17.69428359938738,3,Medium
942,Gekkou,12,5.911,10417,3645,42284,103,1536815368.0,1.9331143451092572,21.152978170019317,2,Good
943,None found,6,5.811,10886,8755,5264,21,140140.0,1.9185389522591814,11.850404337620487,1,Bad
944,Akatsuki,4,5.791,10998,1134,229402,1226,6115061150.0,1.9155982061316543,22.53402060619908,2,Good
945,Studio Elle,12,5.701,11404,2714,72546,122,2976629766.0,1.9022567689910337,21.814057546785282,2,Good
946,Hayabusa Film,12,5.671,11525,7801,6965,22,10591059.0,1.8977697737273784,16.17552080699718,3,Medium
947,Satelight,24,5.551,11961,4841,23018,43,65376537.0,1.8796177097497393,17.995674005885252,3,Medium
